-- phpMyAdmin SQL Dump
-- version 4.9.0.1
-- https://www.phpmyadmin.net/
--
-- Host: localhost
-- Generation Time: Sep 02, 2020 at 07:52 PM
-- Server version: 8.0.21
-- PHP Version: 7.3.19-1~deb10u1

SET SQL_MODE = "NO_AUTO_VALUE_ON_ZERO";
SET AUTOCOMMIT = 0;
START TRANSACTION;
SET time_zone = "+00:00";


/*!40101 SET @OLD_CHARACTER_SET_CLIENT=@@CHARACTER_SET_CLIENT */;
/*!40101 SET @OLD_CHARACTER_SET_RESULTS=@@CHARACTER_SET_RESULTS */;
/*!40101 SET @OLD_COLLATION_CONNECTION=@@COLLATION_CONNECTION */;
/*!40101 SET NAMES utf8mb4 */;

--
-- Database: `kaplash_beta`
--

-- --------------------------------------------------------

--
-- Table structure for table `configuration`
--

CREATE TABLE `configuration` (
  `maintenance` tinyint(1) NOT NULL COMMENT 'true/false-enabled/disabled'
) ENGINE=InnoDB DEFAULT CHARSET=latin1;

--
-- Dumping data for table `configuration`
--

INSERT INTO `configuration` (`maintenance`) VALUES
(0);

-- --------------------------------------------------------

--
-- Table structure for table `forum_posts`
--

CREATE TABLE `forum_posts` (
  `id` int NOT NULL,
  `title` varchar(260) DEFAULT NULL,
  `body` varchar(1000) DEFAULT NULL,
  `author` int DEFAULT NULL,
  `locked` tinyint(1) NOT NULL DEFAULT '0',
  `pinned` tinyint(1) NOT NULL DEFAULT '0',
  `subforum` int DEFAULT NULL,
  `lastpostauthor` int DEFAULT NULL,
  `lastposttime` int DEFAULT NULL,
  `lastpostid` int DEFAULT NULL,
  `timemade` int DEFAULT NULL
) ENGINE=InnoDB DEFAULT CHARSET=latin1;

--
-- Dumping data for table `forum_posts`
--

INSERT INTO `forum_posts` (`id`, `title`, `body`, `author`, `locked`, `pinned`, `subforum`, `lastpostauthor`, `lastposttime`, `lastpostid`, `timemade`) VALUES
(2, 'Not using forums that much anymore.', 'This is harry btw.', 45, 0, 0, 2, 45, 1598123949, 2, 1598123949),
(3, 'Hello Kaplash!', 'Im saiko yonebayashi! \r\n\r\nLovely lil girl yknow?\r\n\r\ni hope this site grows! :D', 143, 0, 0, 2, 43, 1598646968, 3, 1598123995),
(7, 'hello??', 'wtf happened ', 18, 0, 0, 3, 132, 1598845914, 7, NULL),
(9, 'WASS GOOD CUH', 'AYE CUH WAS GOO', 148, 0, 0, 2, 1, 1598139359, 9, 1598136878),
(10, 'hola', 'idk spanish sorry', 150, 0, 0, 3, 132, 1598845767, 10, 1598141171),
(12, 'Got my account back', 'yay!', 72, 0, 0, 2, 41, 1598792849, 12, 1598144725),
(13, 'I created the third post in General.', 'And that\'s true.', 153, 0, 0, 2, 132, 1598795131, 13, 1598146112),
(14, 'Kaplash is back, but...', 'Some accounts and posts are gone/deleted.', 154, 0, 0, 2, 132, 1598795018, 14, 1598158247),
(15, 'Kaplash Tranding Community', 'Yeah, this is an advertisement for my group which I will create later today.\r\nI just wanted to start a Trading Community and maybe make it big :)\r\n\r\n', 25, 0, 0, 4, 43, 1598812414, 15, 1598168510),
(16, 'Hello gamers.', 'hi.', 47, 0, 0, 2, 132, 1598794854, 16, 1598183544),
(17, 'Wassup', 'Wassup', 39, 0, 0, 2, 43, 1598811884, 17, 1598188391),
(18, 'eeee', 'i love this websiteeeeeee if u to reply have fun!', 138, 0, 0, 2, 43, 1598811996, 18, 1598188928),
(19, 'Kaplash Status', 'Recent events have occured on the site such as the SQL Injection, Admin password leaking etc... Currently most of the vulnerabilities have been patched by the developers, the admin passwords have been changed and most of the DB restored. Even tough we\'ve done so much there\'s still a lot to do. \r\n\r\nThis attack has made us reorganize our priorities by aiming into a more secure site. This means features or bug fixing that isnt related to security infrastructure wont be as fast getting updates as the security ones.\r\n\r\nBut dont worry! We\'re almost done so keep kaplashing!\r\n\r\n\r\n- Edge. | Junior Backend Developer / Former Security Analyst', 157, 0, 1, 1, 132, 1598998451, 19, 1598194090),
(20, 'Dorime', 'Ameno', 12, 0, 0, 3, 43, 1598812239, 20, 1598195696),
(21, 'Join Saiko Follower Group', 'It\'s very epic, more epic than the rest. Yes, even more epic than admin group.\r\n\r\nWe got:\r\n\r\nDepressed anime girl as pfp\r\n\r\nEdge.\r\n\r\nrope and old\r\n\r\nvery cool desc\r\n\r\nidk what else\r\n\r\n\r\njoin now https://kaplash.com/groups/17', 143, 0, 0, 2, 43, 1598811808, 21, 1598196955),
(22, 'Nan The Legend', 'YOUR NAN FAM', 155, 0, 0, 2, 41, 1598793972, 22, 1598198619),
(23, 'Not that many threads?', 'Thought it would have maybe 100 by now.', 50, 0, 0, 2, 41, 1598793246, 23, 1598200377),
(24, 'Ay yo start some beef in this #####', 'pls', 155, 0, 0, 3, 43, 1598812269, 24, 1598203797),
(25, 'My avatar is randomly invisible', 'Yeet...', 39, 0, 0, 2, 43, 1598647008, 25, 1598205554),
(26, 'trade group', '@rope u stole my idea! not epic :(', 35, 0, 0, 2, 43, 1598647049, 26, 1598206371),
(28, 'dqwdwqd', 'wdqdqwd', 2, 0, 0, 2, 43, 1598647027, 28, 1598644281),
(29, 'finally forums are back ', 'coooool', 18, 0, 0, 2, 132, 1598795092, 29, 1598645520),
(30, 'testingg again', 'blah blahhh\r\n', 2, 0, 0, 2, 132, 1598998699, 30, 1598650358),
(31, 'Hat Suggestion Megathread', 'Suggest any item you want to be added to the game!', 21, 0, 1, 2, 192, 1598949596, 31, 1598651509),
(32, 'I can\'t seem to put on my hat because it doesn\'t show up.', 'Why?', 182, 1, 0, 5, 21, 1598701782, 32, 1598653663),
(33, 'so we\'re back', 'long time no see\r\n', 183, 0, 0, 2, 41, 1598793794, 33, 1598654622),
(34, 'Flex your join date', 'if you even can see', 185, 0, 0, 2, 132, 1598795322, 34, 1598655886),
(35, 'yes', 'yes ', 192, 0, 0, 2, 25, 1598729127, 35, 1598710947),
(36, 'This forum is for serious bugs', 'Do not post shitposts, jokes, or bugs that dont exist\r\nPlease dont do that', 10, 0, 0, 5, 132, 1598845599, 36, 1598714826),
(37, 'hey guys im dragon', 'my accoutn was deleted or hacked idk', 193, 0, 0, 2, 41, 1598792502, 37, 1598715547),
(38, 'Hey, hey!', 'What\'s up, fellow Kaplashians? I\'m Pwned and I think I\'ll fit good as a Shedletsky clone here, haha.', 196, 0, 0, 2, 41, 1598792767, 38, 1598743640),
(39, 'Not being rude at ALL.', 'But why did you release the website when its obviously not fully functional?', 13, 0, 0, 2, 5, 1598891257, 39, 1598749293),
(40, 'Why I have been inactive.', 'I haven\'t really been active as much on here as before and I haven\'t given an explanation for why I haven\'t been online. Half of it is because school has started up again and I have mock exams soon, so I\'m having to prepare for them, which isn\'t fun, and one of the other 25% is because I have been playing out with my friends a lot more because lockdown has eased, and the other 25% is because of stuff being insecure about a lot of stuff and dysphoria (not saying which type). I hope you guys understand and sorry for not explaining earlier.\r\n', 41, 0, 0, 2, 43, 1598811696, 40, 1598774718),
(41, 'Hii', 'Invite your friends!', 40, 0, 0, 3, 132, 1598845978, 41, 1598792402),
(42, '( Deleted )', '( Deleted by administrator )', 24, 0, 0, 2, 43, 1598894945, 42, 1598792530),
(43, 'What are tomatoes', 'I mean they taste like a vegetable but they\'re scientifically a fruit what do you think? ', 24, 0, 0, 3, 43, 1598812181, 43, 1598792629),
(44, 'I have hit 70 Posts.', 'I am now the ultimate forum poster once again.', 41, 0, 0, 2, 43, 1598811934, 44, 1598794338),
(45, 'yoo', 'who the hell is anna-mae?', 41, 0, 0, 3, 43, 1598812163, 45, 1598794764),
(46, 'Can I even reach 70 forums posts', 'When I\'m still at 8 posts :\'(', 132, 0, 0, 2, 132, 1598998750, 46, 1598795062),
(47, 'Gonna go now.', 'Going to play some footy, seeya guys and gl with the forum post tournament thing.', 41, 0, 0, 2, 43, 1598812026, 47, 1598795434),
(48, 'Keep posting threads guys', 'Cause I\'ll post >:)', 132, 0, 0, 3, 43, 1598812122, 48, 1598795578),
(49, 'Wait I\'m alone?', 'Always had been :(', 132, 0, 0, 3, 43, 1598812144, 49, 1598795630),
(50, 'What was your feeling when ', 'You joined Kaplash?', 132, 0, 0, 2, 43, 1598811730, 50, 1598795699),
(51, 'Group Button won\'t work', 'Title', 132, 1, 0, 5, 21, 1598855908, 51, 1598795879),
(52, 'kaplash  ID?', 'mine is 15', 15, 0, 0, 2, 43, 1598811760, 52, 1598801671),
(53, 'favorite color?', 'mine purple', 15, 0, 0, 2, 132, 1598845851, 53, 1598802749),
(54, 'When can i manage group', 'i tried and it wont work', 43, 0, 0, 2, 25, 1598897440, 54, 1598812899),
(55, 'how are you', 'im good wbu', 43, 0, 0, 3, 214, 1598991128, 55, 1598813587),
(56, 'Kaplash Game client', 'Hmmm....', 199, 0, 0, 2, 132, 1598845300, 56, 1598814265),
(57, 'Important information regarding kaplash', 'Hello, everyone should already realized the some changes we\'ve done on the site we added a hover ability on forums sub-forum which is really cool to play with but besides that we\'ve did a good work on some changes we are not fully finished with some some changes but we will make an announcement when we are. I wanted to talk about rendering and buying items this wouldn\'t be a 3D sandbox if we don\'t have an ability to customize unique avatars i would look to see what you guys imagination will look like once we get rendering working and releasing items for you guys, On focus of rendering and releasing items we will pause our site front-end changes  and focus on those things instead.', 2, 0, 0, 1, 132, 1598998544, 57, 1598831632),
(58, 'Okay I\'m awake', 'Time to ####post', 132, 0, 0, 3, 214, 1598991161, 58, 1598845815),
(59, '35th post', 'yay I’m 35th', 176, 0, 0, 2, 132, 1598998813, 59, 1598871741),
(60, '1st', '1st here', 176, 0, 0, 4, 43, 1598890347, 60, 1598871778),
(61, 'Hello World!', 'print(“Hello World!”)', 204, 0, 0, 3, 214, 1598991093, 61, 1598871827),
(62, 'Tell me what face to make, and i\'ll make it!', 'Title', 35, 0, 0, 2, 132, 1598998617, 62, 1598887938),
(63, 'hey', 'good to see the site\'s back', 187, 0, 0, 2, 187, 1598929110, 63, 1598929110),
(64, 'Very Epic', 'Epic Site Epicccc', 212, 0, 0, 2, 132, 1598998653, 64, 1598929662),
(65, '60 post', ' les go ', 43, 0, 0, 2, 132, 1598998586, 65, 1598984188),
(66, 'Sup bois', 'im weird and cool sorry im new ', 215, 0, 0, 2, 215, 1599004890, 66, 1599004622),
(67, 'epic gamer moment', 'epic very epic', 216, 0, 0, 2, 216, 1599005507, 67, 1599005507),
(68, 'hello', 'brought here by a cubash forum', 217, 0, 0, 2, 215, 1599006541, 68, 1599006476),
(69, 'Its me Titanium from cubash', 'Lol who cares', 218, 0, 0, 2, 218, 1599006770, 69, 1599006770),
(70, 'Its me Titanium from cubash', 'Lol who cares', 218, 0, 0, 2, 25, 1599027695, 70, 1599006980),
(71, 'Psalm 23 (Bible)', 'The Lord is my shepherd, I lack nothing.\r\n     He makes me lie down in green pastures,\r\nhe leads me beside quiet waters,\r\n   he refreshes my soul.\r\nHe guides me along the right paths\r\n    for his name’s sake.\r\n Even though I walk\r\n    through the darkest valley,[a]\r\nI will fear no evil,\r\n    for you are with me;\r\nyour rod and your staff,\r\n    they comfort me.', 69, 0, 0, 3, 69, 1599008132, 71, 1599008132),
(72, 'guys i did something insane but on kaplash', 'i walked on land dude... like, no one ever done this right? yes, its right. Im the first one to walk on land. those peoples are so jealous of me because i can walk on LAND.', 219, 0, 0, 3, 35, 1599009976, 72, 1599008887),
(73, 'Me Sns from Cubash!', 'Hey!', 223, 0, 0, 2, 35, 1599011515, 73, 1599008981),
(74, 'what is this btw im 0ldpotato from cubash', 'WHA IS DAS ', 224, 0, 0, 2, 224, 1599017149, 74, 1599017149);

-- --------------------------------------------------------

--
-- Table structure for table `forum_replies`
--

CREATE TABLE `forum_replies` (
  `id` int NOT NULL,
  `body` varchar(250) DEFAULT NULL,
  `author` int DEFAULT NULL,
  `thread` int DEFAULT NULL,
  `timemade` int DEFAULT NULL
) ENGINE=InnoDB DEFAULT CHARSET=latin1;

--
-- Dumping data for table `forum_replies`
--

INSERT INTO `forum_replies` (`id`, `body`, `author`, `thread`, `timemade`) VALUES
(1, 'Hello, and welcome to Kaplash! We hope you enjoy it here!', 45, 3, 1598124797),
(2, '50 years ago DAMN', 18, 1, 2),
(3, 'sook', 1, 7, 1598133929),
(4, 'WAZZAAAAAAAAAAAAAAAAAAAAAAAAAAAAAA', 1, 9, 1598139359),
(5, 'Ok great', 14, 11, 1598144873),
(6, 'Who deleted it lol', 72, 11, 1598144938),
(7, 'cheesy on my peeny', 1, 11, 1598144952),
(8, 'lol', 14, 8, 1598145000),
(9, 'Nice\r\n', 2, 13, 1598158214),
(10, 'What the, 50 years ago?!', 154, 7, 1598158288),
(11, 'Ik sad to think about', 32, 14, 1598162483),
(12, 'f to all the users that lost their accounts', 22, 14, 1598168029),
(13, 'Yeah me too rip forum reset but is alright.\r\nCongrats on the first post after the reset : )', 25, 3, 1598168597),
(14, 'Yeah since he is old.', 25, 7, 1598168640),
(15, 'I also got my account back : )\r\nCongrats on getting it back', 25, 12, 1598168940),
(16, 'Hey!', 9, 17, 1598194179),
(17, 'Ok, You should deactivate this reply button', 91, 19, 1598194446),
(18, 'Why tho? Feedback is appreciated :P', 157, 19, 1598194920),
(19, 'hmm i\'m instrested... but not enough gamer!', 155, 21, 1598197396),
(20, 'Hello! comrade!', 155, 17, 1598197628),
(21, 'Good! my son...', 155, 13, 1598198262),
(22, 'AMENO', 12, 19, 1598199448),
(23, 'Epic good developers', 32, 19, 1598199613),
(24, 'hot        ', 18, 19, 1598199779),
(25, '50 Years Ago...', 155, 7, 1598200224),
(26, 'soooooooooooooooooooooooon', 18, 23, 1598200438),
(27, '(I Think) it only came out three days ago. and not many people know about it...', 155, 23, 1598200508),
(28, 'Okay, well that explains random accounts being terminated for no reason.', 50, 19, 1598200568),
(29, 'yea ima make it later', 35, 26, 1598206557),
(30, 'Sorry, i had the idea for days though. \r\nI can make you a high rank : )\r\nwhen groups are fixed/done', 25, 26, 1598206562),
(31, 'Yes, 50 years ago', 18, 7, 1598645561),
(32, 'yay les go', 43, 29, 1598646895),
(33, 'ooof ', 43, 14, 1598646939),
(34, 'hi im cat', 43, 3, 1598646968),
(35, 'how', 43, 25, 1598647008),
(36, 'wfwfereft', 43, 28, 1598647027),
(37, 'yes', 43, 26, 1598647049),
(38, 'same but it broke', 43, 23, 1598647159),
(39, 'awesome', 21, 30, 1598651216),
(40, 'is it fixed', 43, 30, 1598652904),
(41, 'Oh okay no', 182, 15, 1598653894),
(42, '^Yeah, it does', 182, 19, 1598654427),
(43, 'if you wanna start beef do it yourself p*ssy', 168, 24, 1598654549),
(44, 'ye\r\n\r\nwe back', 21, 33, 1598654911),
(45, 'umm ok nob', 170, 34, 1598661494),
(46, 'make a client tester trophy', 43, 31, 1598664330),
(47, 'yes sir', 43, 34, 1598664346),
(48, 'yes\r\n', 43, 33, 1598664369),
(49, 'yes indeed', 155, 33, 1598689904),
(50, 'Wht?', 35, 34, 1598691792),
(51, 'All my face that i made, its in the discord #item-suggestions', 35, 31, 1598692006),
(52, 'User: DotCmds', 35, 31, 1598692080),
(53, 'Rendering on the site still hasn\'t been fixed, and you can\'t purchase any items as of now.', 21, 32, 1598701782),
(54, 'theres no point in flexing anything as of now', 21, 34, 1598701875),
(55, 'nvm it got like deleted but the profile still exists\r\n\r\ni cant login', 193, 37, 1598716041),
(56, 'Hello', 35, 37, 1598723019),
(57, 'hi dude', 43, 37, 1598724562),
(58, 'yes', 43, 35, 1598724591),
(59, 'yes', 25, 35, 1598729127),
(60, 'yo, Dragon. Project said a while ago if you couldn\'t log into your old account you need to dm him on Kaplash. Have you tried doing that?', 25, 37, 1598729170),
(61, 'Top-hats maybe i like those : )', 25, 31, 1598729235),
(62, 'Dm him on Discord*', 25, 37, 1598773592),
(63, 'my guess is since then the community gets a headstart in growing terms.\r\n\r\nand the community might die if the site isn\'t out and people are just waiting : )', 25, 39, 1598773680),
(64, ') - :', 25, 15, 1598775143),
(65, 'We will never know.', 41, 39, 1598792370),
(66, 'Unsolved mysteries', 41, 39, 1598792386),
(67, 'Hello dragon', 41, 37, 1598792453),
(68, 'I\'m dad', 41, 37, 1598792475),
(69, ';-)', 41, 37, 1598792502),
(70, 'Hi!', 41, 41, 1598792541),
(71, 'Luck* dumbass', 24, 42, 1598792557),
(72, 'Nice too meet you!', 41, 41, 1598792565),
(73, 'I\'m the good of this type of posting', 41, 42, 1598792607),
(74, 'Good*', 41, 42, 1598792627),
(75, 'God*', 41, 42, 1598792643),
(76, 'I think im only replying to myself to get to 70 first', 24, 43, 1598792663),
(77, 'Böhne', 41, 10, 1598792685),
(78, 'Beans', 41, 10, 1598792707),
(79, 'Omfg ur so god', 24, 42, 1598792715),
(80, 'Gud*', 24, 42, 1598792731),
(81, 'Gud', 24, 42, 1598792746),
(82, 'Get pwned', 41, 38, 1598792749),
(83, 'Pwn0r', 41, 38, 1598792766),
(84, 'Oh no i posted it 2 times ;) ', 24, 42, 1598792777),
(85, 'Good', 24, 42, 1598792796),
(86, 'Ok brick', 41, 12, 1598792832),
(87, 'Very cool.', 41, 12, 1598792849),
(88, 'Wow ur right i am', 24, 43, 1598792860),
(89, 'Did you mean god?', 41, 42, 1598792900),
(90, 'God*', 41, 42, 1598792916),
(91, 'Gid*', 41, 42, 1598792934),
(92, 'Why can\'t I spel', 41, 42, 1598792950),
(93, 'Spel', 41, 42, 1598792972),
(94, 'Spell*', 41, 42, 1598792988),
(95, 'Oh my god fimally', 41, 42, 1598793006),
(96, 'Fimally*', 41, 42, 1598793026),
(97, 'Fimally*', 41, 42, 1598793045),
(98, 'Finally*', 41, 42, 1598793060),
(99, 'Stupid phonw', 41, 42, 1598793078),
(100, 'Phonw*', 41, 42, 1598793096),
(101, 'Phone*', 41, 42, 1598793120),
(102, 'Sorry.', 41, 40, 1598793162),
(103, 'It\'s because not much people use the forums that much.', 41, 23, 1598793205),
(104, 'But now there will be more posts because of this tournament.', 41, 23, 1598793228),
(105, 'Just you wait xD', 41, 23, 1598793246),
(106, 'Hey I just met you', 41, 30, 1598793286),
(107, 'And this is crazy', 41, 30, 1598793303),
(108, 'So here\'s my number', 41, 30, 1598793320),
(109, 'Because your ProjectBaby', 41, 30, 1598793338),
(110, 'Sorry lol, I\'ll stop.', 41, 42, 1598793385),
(111, 'In the mine got our pickaxe swinging from side to side', 41, 33, 1598793433),
(112, 'Side-Side To Side', 41, 33, 1598793453),
(113, 'This task a grueling one hope to find some diamonds tonight night night!', 41, 33, 1598793485),
(114, 'HEADS UP', 41, 33, 1598793501),
(115, 'You hear a sound turn around an LOOK UP', 41, 33, 1598793524),
(116, 'Total shock fills your body', 41, 33, 1598793541),
(117, 'OH NO ITS YOU AGAIN', 41, 33, 1598793563),
(118, 'I can never forget those eyes eyes eyes, eyes eyes eyes.', 41, 33, 1598793592),
(119, 'SO BABY TONIGHTTTT', 41, 33, 1598793614),
(120, 'The CREEPERS TRYNA STEAL OUR STUFF AGAIN, STUFF AGAIN', 41, 33, 1598793654),
(121, 'So baby TONIGHTTTT', 41, 33, 1598793674),
(122, 'We GRAB OUR PICK SHOVEL AND BOLT AGAIN', 41, 33, 1598793700),
(123, 'bolt againnnn', 41, 33, 1598793716),
(124, 'so RUN RUN UNTIL ITS DONE DONE', 41, 33, 1598793740),
(125, 'UNTILL THE SUN COMES UP IN THE MORN', 41, 33, 1598793766),
(126, 'I forgotten the other words. QwQ', 41, 33, 1598793794),
(127, 'I\'m the 41st user', 41, 34, 1598793864),
(128, 'Is that a good flex?', 41, 34, 1598793884),
(129, 'lol...', 41, 34, 1598793903),
(130, 'My nan is a legend.', 41, 22, 1598793947),
(131, 'I love her so much and would cry if she died.', 41, 22, 1598793971),
(132, 'Sup sup', 41, 16, 1598794027),
(133, 'How are you?', 41, 16, 1598794043),
(134, 'aaaa', 41, 18, 1598794093),
(135, 'sports', 41, 18, 1598794115),
(136, 'it\'s in the gaaaaaaameeeeeee', 41, 18, 1598794135),
(137, 'Nice one', 41, 13, 1598794213),
(138, 'I miss the old forum though.', 41, 13, 1598794229),
(139, 'Good ol\' days', 41, 13, 1598794254),
(140, '69th post', 41, 42, 1598794301),
(141, ': - (', 41, 15, 1598794484),
(142, 'Some weird fruit', 41, 43, 1598794521),
(143, 'Soup is overrated', 41, 24, 1598794573),
(144, 'What\'s up?', 132, 41, 1598794591),
(145, 'Sorry if that\'s too political', 41, 24, 1598794594),
(146, 'wide putin', 41, 20, 1598794629),
(147, 'old...', 41, 7, 1598794672),
(148, 'your very old', 41, 7, 1598794688),
(149, 'Congrats :\'(', 132, 44, 1598794723),
(150, 'Next aim is 100.', 41, 44, 1598794727),
(151, 'Bruh, nice strategy to postfarm', 132, 42, 1598794807),
(152, 'I\'m gamer :cool shades:', 41, 21, 1598794850),
(153, 'Have a good day in Kaplash I guess', 132, 16, 1598794854),
(154, 'I don\'t know.... But Imma post anyway :p', 132, 45, 1598794895),
(155, ':-D', 41, 29, 1598794916),
(156, 'Tomatoes are fruits that always used for making ketchups.', 132, 43, 1598794958),
(157, 'Your name sounds like a cryptocurrency.', 41, 14, 1598794975),
(158, 'Sorry if that\'s rude lol.', 41, 14, 1598794992),
(159, '^ Bruh', 132, 14, 1598795018),
(160, 'apparently anna-mae has a girlfriend called henn-tye', 41, 45, 1598795091),
(161, 'Hurray, time to poop-post', 132, 29, 1598795092),
(162, 'Good for you :(', 132, 13, 1598795131),
(163, 'Of course you can! ', 41, 46, 1598795136),
(164, 'Wish me luck :\'(', 132, 46, 1598795159),
(165, 'I was at 1 at 2:00PM GBT, and now I am at 86', 41, 46, 1598795166),
(166, 'Oh yea, Good Luck Friendo!', 41, 46, 1598795196),
(167, 'Anyways, what\'s up female dogs.', 132, 42, 1598795214),
(168, '8-Bit Top Hat', 132, 31, 1598795253),
(169, 'You did very good at redoing the server!', 41, 19, 1598795308),
(170, 'Only noobs care about join dates.... for now :p ', 132, 34, 1598795322),
(171, '^ Look at you, started posting 20 minutes ago.', 132, 18, 1598795378),
(172, 'Wazzup Homie', 132, 17, 1598795427),
(173, 'Footy is soccer btw guys. :-)', 41, 47, 1598795465),
(174, 'Curb your forum posts >:(', 132, 47, 1598795477),
(175, 'Hmm.. I\'ll think about it ', 132, 21, 1598795523),
(176, 'Cause were so obssessed to make an account so they let us create ;)', 132, 39, 1598795761),
(177, ':-)', 132, 15, 1598795793),
(178, 'Well good luck with footy', 25, 47, 1598797797),
(179, 'mine is 18', 18, 52, 1598802834),
(180, '.....', 199, 19, 1598806584),
(181, 'Done well. We won 3-2, I only conceeded two.', 41, 47, 1598809364),
(182, 'It was good, especially the feeling of being one of the first 50 users.', 41, 50, 1598809457),
(183, 'Very Good.', 41, 50, 1598809473),
(184, ':feelsbadman:', 41, 49, 1598809524),
(185, 'Also I\'m back now. :-)', 41, 49, 1598809548),
(186, 'Don\'t feel like it, sorry.', 41, 48, 1598809609),
(187, 'I might change my mind though.', 41, 48, 1598809660),
(188, 'We know.', 41, 36, 1598809728),
(189, 'Sorry if that was rude.', 41, 36, 1598809746),
(190, 'Actually I may be back...', 41, 40, 1598809806),
(191, 'ohh', 43, 40, 1598811696),
(192, 'same has harry', 43, 50, 1598811730),
(193, 'mine is 40 something', 43, 52, 1598811760),
(194, 'black', 43, 53, 1598811776),
(195, 'i might join', 43, 21, 1598811808),
(196, 'sup', 43, 17, 1598811884),
(197, 'nice', 43, 42, 1598811915),
(198, 'congrats', 43, 44, 1598811934),
(199, 'me to', 43, 18, 1598811996),
(200, 'oof', 43, 39, 1598812011),
(201, 'okay', 43, 47, 1598812026),
(202, 'ok i will', 43, 48, 1598812122),
(203, 'no your not', 43, 49, 1598812144),
(204, 'idk', 43, 45, 1598812163),
(205, 'yes', 43, 43, 1598812180),
(206, 'lol 50 years', 43, 7, 1598812221),
(207, '???', 43, 20, 1598812238),
(208, 'tags', 43, 24, 1598812269),
(209, 'yes i invited my friends', 43, 41, 1598812294),
(210, 'lots of them', 43, 41, 1598812324),
(211, 'hola\r\n', 43, 10, 1598812345),
(212, 'how are you', 43, 10, 1598812371),
(213, 'okay', 43, 15, 1598812414),
(214, 'oof\r\n', 43, 19, 1598812451),
(215, 'well its over', 43, 19, 1598812511),
(216, 'make a client tester hat', 43, 31, 1598812570),
(217, 'Would you had like to wait 4 months for a functional-able site? Or have the chance to register now while we fix and add stuff ', 2, 39, 1598812745),
(218, 'is it because you still working on it?', 43, 54, 1598812926),
(219, 'are its a bug?', 43, 54, 1598812942),
(220, 'same for me', 43, 51, 1598812992),
(221, 'very epic', 43, 56, 1598815457),
(222, 'are you a client tester?', 43, 56, 1598815512),
(223, 'I don\'t think he\'s  a beta tester.', 25, 56, 1598815627),
(224, 'gladd security is a high priority now', 25, 19, 1598816680),
(225, 'hm ok', 43, 56, 1598818520),
(226, 'i wanted to ask about the kaplash game clinet progress thats why i made this forum in the first place.', 199, 56, 1598818684),
(227, 'Okay. Nice!', 50, 57, 1598833381),
(228, 'Client good', 132, 56, 1598845300),
(229, '^ The second one', 132, 39, 1598845368),
(230, 'Sure thing.', 132, 36, 1598845598),
(231, 'I think they\'ll fix it or its not yet done', 132, 54, 1598845685),
(232, 'IMO bte', 132, 54, 1598845710),
(233, 'Bored as always', 132, 55, 1598845738),
(234, 'Kumusta amigo?', 132, 10, 1598845767),
(235, 'Black, Orange and Red', 132, 53, 1598845851),
(236, 'You\'re dead by now lol', 132, 7, 1598845914),
(237, 'I\'ll invite my firends never', 132, 41, 1598845978),
(238, 'hello', 43, 58, 1598847185),
(239, 'lol', 43, 55, 1598847229),
(240, 'yes you can', 43, 46, 1598848091),
(241, 'if you try your best', 43, 46, 1598848112),
(242, 'Alright, i really like the subforum popup thing ', 25, 57, 1598852151),
(243, 'Not a bug.', 21, 51, 1598855908),
(244, 'ok cool', 174, 57, 1598859597),
(245, 'I would love to have a white top hat and white headphones and white glasses!', 180, 31, 1598870041),
(246, 'Also if you make faces I recommend making red eyes face! :)\r\nThank you.', 180, 31, 1598870113),
(247, 'Nope, i was way before here', 25, 60, 1598878086),
(248, 'You can do it!', 199, 46, 1598884057),
(249, 'You never know...', 47, 39, 1598886939),
(250, 'Robotic Face', 25, 62, 1598889483),
(251, 'nice', 43, 59, 1598889844),
(252, 'mad face', 43, 62, 1598889941),
(253, 'Hello', 43, 61, 1598890128),
(254, 'yea rope is first', 43, 60, 1598890346),
(255, 'Project I\'d rather wait the 4 months', 5, 39, 1598891257),
(256, 'okay', 43, 54, 1598894610),
(257, 'not gonna lie but harry spammed on this big time', 43, 42, 1598894922),
(258, 'like real big', 43, 42, 1598894945),
(259, 'is your avatar broken\r\n', 43, 30, 1598895099),
(260, 'I think it\'s because they are still working on it ', 25, 54, 1598897439),
(261, 'Client tester brick + a black helmet ', 18, 31, 1598902661),
(262, 'you copied me :(', 18, 61, 1598902769),
(263, 'yes sir', 43, 64, 1598941414),
(264, 'backwards cap', 192, 31, 1598949596),
(265, 'Snowman Face! Also it should be a collectable. :-3', 41, 62, 1598952697),
(266, 'Epic Faic !!11!', 69, 62, 1598968161),
(267, 'took 3 year im trying to reach 70', 43, 65, 1598984224),
(268, 'no u8', 214, 61, 1598991093),
(269, '^\r\n|\r\n|', 214, 55, 1598991128),
(270, 'hello', 214, 58, 1598991160),
(271, 'noice\r\n', 132, 19, 1598998450),
(272, 'Nice', 132, 57, 1598998544),
(273, 'Bruh I cant make it\r\n', 132, 65, 1598998585),
(274, '8 bit hat\r\n', 132, 62, 1598998617),
(275, 'Hmm dont know if it is...', 132, 64, 1598998653),
(276, 'Epicccc', 132, 30, 1598998699),
(277, 'Bois, I cant make it ;(', 132, 46, 1598998750),
(278, 'laughs while looking at the forum posts', 132, 59, 1598998798),
(279, 'Oh wait nvm', 132, 59, 1598998813),
(280, '66th post', 215, 66, 1599004889),
(281, 'Sup', 215, 68, 1599006524),
(282, 'its me roxi', 215, 68, 1599006541),
(283, 'it me VSD from cubash', 219, 70, 1599007114),
(284, 'Its me Arc from Cubash!', 35, 70, 1599008433),
(285, 'looks like theres a lot of cubash players here', 219, 70, 1599008607),
(286, 'hello', 219, 73, 1599009601),
(287, 'Hey its me Arc from Cubash!', 35, 73, 1599009754),
(288, 'Oof', 35, 72, 1599009976),
(289, 'Heyyy guys!', 223, 73, 1599010880),
(290, 'Hello', 35, 73, 1599011515),
(291, 'Did Cubash raid Kaplash\r\n', 25, 70, 1599027695);

-- --------------------------------------------------------

--
-- Table structure for table `store_items`
--

CREATE TABLE `store_items` (
  `id` int NOT NULL,
  `name` varchar(50) DEFAULT NULL,
  `about` varchar(250) DEFAULT NULL,
  `creator` int DEFAULT NULL,
  `type` int DEFAULT NULL,
  `tag1` varchar(50) DEFAULT NULL,
  `tag2` varchar(50) DEFAULT NULL,
  `tag3` varchar(50) DEFAULT NULL,
  `price` int(11) NOT NULL DEFAULT '0',
  `tradeable` tinyint(1) NOT NULL DEFAULT '1',
  `offsale` tinyint(1) NOT NULL DEFAULT '0',
  `offsale` tinyint(1) NOT NULL DEFAULT '1',
  `moderation` tinyint(1) NOT NULL DEFAULT '0',
  `obj` varchar(250) DEFAULT NULL,
  `texture` varchar(250) DEFAULT NULL,
  `image` varchar(250) DEFAULT NULL,
  `owners` int NOT NULL DEFAULT '0',
  `timeupdated` int DEFAULT NULL,
  `timecreated` int DEFAULT NULL
) ENGINE=InnoDB DEFAULT CHARSET=latin1;

--
-- Dumping data for table `store_items`
--

INSERT INTO `store_items` (`id`, `name`, `about`, `creator`, `type`, `tag1`, `tag2`, `tag3`, `tradeable`, `offsale`, `public`, `moderation`, `obj`, `texture`, `image`, `owners`, `timeupdated`, `timecreated`) VALUES
(1, 'Cap', 'test item', 1, 1, NULL, NULL, NULL, 0, NULL, 1, 1, '1', '1', '1', 0, 1598571892, 1598571892);

-- --------------------------------------------------------

--
-- Table structure for table `users`
--

CREATE TABLE `users` (
  `id` int NOT NULL,
  `username` varchar(250) NOT NULL,
  `password` varchar(250) NOT NULL,
  `email` varchar(250) NOT NULL,
  `ip` varchar(250) NOT NULL,
  `avatar_hash` varchar(250) CHARACTER SET latin1 COLLATE latin1_swedish_ci NOT NULL DEFAULT 'default',
  `coins` int NOT NULL DEFAULT '0',
  `next_reward` int DEFAULT NULL,
  `bday` int DEFAULT NULL,
  `bmonth` int DEFAULT NULL,
  `byear` int DEFAULT NULL,
  `status` varchar(250) CHARACTER SET latin1 COLLATE latin1_swedish_ci DEFAULT '',
  `description` varchar(250) NOT NULL DEFAULT 'Hi, I’m a new user on Kaplash!',
  `email_verified` tinyint(1) NOT NULL DEFAULT '0',
  `flood` int DEFAULT NULL,
  `administrator` tinyint(1) NOT NULL DEFAULT '0',
  `premium` tinyint(1) NOT NULL DEFAULT '0',
  `forumposts` int NOT NULL DEFAULT '0',
  `profileviews` int NOT NULL DEFAULT '0',
  `timelastseen` int DEFAULT NULL,
  `timeregistered` int DEFAULT NULL
) ENGINE=InnoDB DEFAULT CHARSET=latin1;

--
-- Dumping data for table `users`
--

INSERT INTO `users` (`id`, `username`, `password`, `email`, `ip`, `avatar_hash`, `coins`, `next_reward`, `bday`, `bmonth`, `byear`, `status`, `description`, `email_verified`, `flood`, `administrator`, `premium`, `forumposts`, `profileviews`, `timelastseen`, `timeregistered`) VALUES
(1, 'Kaplash', '$2y$10$0oPKUZzzbXnegySBH74njuEVd6jQnRgnU6/1QWFAsaMGgvhSsmOp.', 'help@kaplash.com', '1.1.1.1', 'default', 1000000000, 1598733542, 0, 0, 20, 'Welcome to kaplash', 'I am the official kaplash account, have any issue? contact our support team support@kaplash.com', 1, 1598733542, 1, 1, 0, 0, 1598732710, 1598733542),
(2, 'Projectbaby', '$2y$10$f.0DXIr2kFrG2IQZVE6oWeLxxXvgVtPijAt5TfRQpFZnxAcYjC.9.', 'projectbaby@kaplash.com', '1.1.1.1', 'f47bdcb533a95f0907089569143e5c4c', 1070, 1599083778, 0, 1, 20, 'Hello', 'Hello, I am the CEO of kaplash!\r\nHave any isssues? contact help@kaplash.com\r\n', 1, 1598831647, 1, 1, 0, 1000, 1598997444, 1598144263),
(4, 'respoken', '$2y$10$.8VfcxvPlA/atvw7htWvRu2mCb.tQklx2QUKEEGt4IxMwH097eSDm', 'respokenbusiness@gmail.com', '147.253.242.156', 'default', 140, 1598918531, 0, 9, 2, '', '', 0, 1598145072, 1, 0, 0, 0, 1598832799, 1597721476),
(5, 'phones', '$2y$10$9zGrS80THh8YtOFvZYiOO.QL5Lc4/lqaWLNQ5o2ks92wYPCwwhfWC', 'superpizzaman23@gmail.com', '174.25.144.212', 'default', 880, 1598977583, 0, 0, 78, '( Content deleted by administrator )', '( Content deleted by administrator )', 0, 1598891272, 0, 0, 0, 0, 1598891274, 1597721483),
(6, 'Admin', '$2y$10$iQLrOLvEfDyA.l33krkuOe5GB44gsGuWe8e2M9MZAEvhmNG8/.ph.', '18Jobinf@msl.qc.ca', '66.130.193.46', 'default', 130, 1598287024, 0, 4, 20, 'Hello', 'Hi, I\'m Felix!', 0, 1598114031, 0, 0, 0, 0, 1598200657, 1597721489),
(7, 'Troplo', '$2y$10$3pwIysbEgTYK2GUi8A.KLe1pIu/CESj5z/QI38qvJg1T63sTUfUHq', 'troplo@flowinity.com', '180.200.211.174', 'default', 130, 1598883799, 9, 9, 8, '( Content deleted by administrator )', '( Content deleted by administrator )', 0, NULL, 0, 0, 0, 0, 1598797403, 1597721491),
(8, 'TECHSPERT50', '$2y$10$bfcybYHGNp9e19DNnCIMROTU5OsYDer3hkVPA6jTwazGi4TCOxZaK', 'zacksympa@outlook.com', '198.147.23.211', 'default', 190, 1599106293, 0, 7, 4, 'Hello! I hope you are having a nice day!', 'Hey there!', 0, 1598573428, 0, 0, 0, 0, 1599019925, 1597721506),
(9, 'funny1', '$2y$10$tuIGwzPLHw8vbV08qXxvL.uGHGDqnQfxg0WUnECynnXvnw6oV0pky', 'suryasrao2008@gmail.com', '2607:fb90:e10d:775e:5c7f:c753:bc3f:5b6d', 'default', 750, 1598916346, 0, 0, 8, 'Hello!', 'Hey!', 0, 1598194194, 0, 0, 0, 0, 1598830008, 1597721541),
(10, 'Wat', '$2y$10$Gbg.FOUClCFgQe141zo04uyrWjVQNOjqZqzaOCB1NooJOJYZLd/nm', '4grantj7@gmail.com', '2601:807:8100:7ce0:8da7:c76:9aad:112c', 'default', 170, 1599074220, 0, 0, 20, 'what', '( Content deleted by administrator )', 0, 1598714842, 0, 0, 0, 0, 1598987852, 1597721690),
(11, 'Robo', '$2y$10$afcJfDs0ssgL/EcMYAPfru6vtJjWZZk6iRQeJyMdaedPdLwEiZWqW', 'frankjacksonison@gmail.com', '98.29.48.250', 'default', 180, 1598987958, 0, 0, 97, '******************************************', 'I’m gamering', 0, 1598140448, 1, 0, 0, 0, 1598903434, 1597721749),
(12, 'jad.Kalbert', '$2y$10$rsO2I4a0hINrLIkbUoGW0OTQrJ5/sOBbC7gTG51Zqh13Y217Eo42u', 'ihateyou1313@outlook.com', '173.188.50.127', 'default', 130, 1598756133, 0, 2, 6, 'Ameno', 'User Id:12', 0, 1598199463, 0, 0, 0, 0, 1598753017, 1597721881),
(13, 'quarts', '$2y$10$.PSGUMzpx78Rw5azs0gL.OKaVwbrwVxkMMNBTJW2UcEmajDtNP2WW', 'kipgimes@gmail.com', '2600:1700:cc90:9ba0:e0fe:18d8:4b4d:f8e1', 'default', 160, 1598835631, 9, 8, 3, 'Hope Kaplash will start doing good..', 'Anything I say always gets Content Deleted.\r\nSMH.', 0, 1598749309, 0, 0, 0, 0, 1598749368, 1597722004),
(14, 'Cold', '$2y$10$UrGTK7xhOfMFTBqnteCH/OJi0ssneg/afR7tAyE3DoTqMxNcqJafC', 'mjcarr504@gmail.com', '108.17.120.159', 'default', 140, 1598659591, 0, 3, 8, '( Content deleted by administrator )', '( Content deleted by administrator )', 0, 1598145015, 0, 0, 0, 0, 1598573280, 1597722131),
(15, 'Fave', '$2y$10$yWnII0b8qgvof6ZQtsJ/1eayZo.K/yDpkCpso9UEAly/uotiBSOjq', 'nicole.cason@aol.com', '2605:a000:1301:c6c5:7c16:e35e:f5cd:581', 'default', 170, 1599084731, 1, 30, 2000, 'https://kaplash.com/groups/3', '( Content deleted by administrator )', 0, 1598998436, 0, 0, 0, 0, 1598998413, 1597722136),
(16, 'lua ', '$2y$10$uRWCQQ7UO.vML6jAJtpLZ.XnZP7IdItyjHZWQaJ0LYTj4/ya/Z0u2', 'wabledoodle@gmail.com', '174.25.144.212', 'default', 110, 1597808741, 0, 0, 86, '( Content deleted by administrator )', '( Content deleted by administrator )', 0, 1597722413, 0, 0, 0, 0, 1597722389, 1597722339),
(17, 'Ins', '$2y$10$ozk8Kt7xV0NC1SZHtRx56OrCxif8wuWLaSB4XzMV14XGIKIU5yPXW', 'ya647@outlook.com', '1.1.1.1', 'default', 1120, 1598740763, 7, 8, 1920, 'Hello all!', 'help@kaplash.com for support', 0, 1598116291, 1, 1, 0, 0, 1598654485, 1597738443),
(18, 'old', '$2y$10$DEEFRsfghNoRoLCWZC4EIOejfkXfdopM59.9xJZB27qLWtHOpsz0W', 'songrowtopia@gmail.com', '69.157.47.218', 'default', 180, 1598988917, 0, 0, 3, 'hello world', 'print(“Hello World!”)', 0, 1598902784, 0, 0, 0, 0, 1598904156, 1597723705),
(19, 'Ashely', '$2y$10$cb.f27bMMv.YRg5n7YmiRuMQadUYV9UTziY6TRa8/ZYkiKREYCvfO', 'ashleyyxv@gmail.com', '2603:9000:cc06:fc00:d5ca:4500:eeab:9a3c', 'default', 110, 1597812681, 0, 0, 20, '( Content deleted by administrator )', '( Content deleted by administrator )', 0, 1597744928, 0, 0, 0, 0, 1597809656, 1597726280),
(20, 'fire', '$2y$10$J/MgRPswYnuf6FN4lZfGE.IzE8LRSiSWnicoLpFJeiIbpK4B8G4vW', 'johnestabon28@gmail.com', '173.28.34.109', 'default', 110, 1597812789, 0, 0, 75, '( Content deleted by administrator )', '( Content deleted by administrator )', 0, NULL, 0, 0, 0, 0, 1597727372, 1597726387),
(21, 'North', '$2y$10$psvN1E0NXucg6.vEwn2b6Ol4qj3C7WP3/bv47omWjsTJJJnRZMG76', 'cursedsealion@gmail.com', '2a01:799:9e0:4300:296a:255a:f5ff:5329', 'default', 180, 1598941939, 1, 2, 5, 'MR. Hatmaker', 'I\'m the item creator for Kaplash!\r\n\r\nContact me here;\r\nnorth#0012\r\n@Noorthern on Twitter.', 0, 1598855924, 1, 0, 0, 0, 1598875907, 1597728747),
(22, 'xzx ', '$2y$10$7py92MI983bMPr8nbgcx5.PifmoYgvzD9wPfREnP3b1cszCexU0nK', 'kimigoon1@gmail.com', '2a00:23c5:bd8e:c201:6c2c:a7c4:9849:4173', 'default', 1160, 1598963011, 7, 8, 1999, '...', '( Content deleted by administrator )', 0, 1598779877, 0, 0, 0, 0, 1598876630, 1597728756),
(23, 'Fun', '$2y$10$6FlkqaDhkWSjj1K8XYklxuavaHaMMnzFgThUvlNqAulvk50r.Su3G', 'jeffiln.boat67@gmail.com', '109.131.230.44', 'default', 140, 1598943770, 0, 6, 2, 'Hello i am fun i am a funny kaplash player. ', '( Content deleted by administrator )', 0, 1598127864, 0, 0, 0, 0, 1598857525, 1597728990),
(24, 'Jazzy', '$2y$10$0xsofs4wKVw0GHSUEVUUu.oRP47keWZrYiIJM5fm.KuXNDV8j3c5S', 'cambocafe4@gmail.com', '82.39.35.170', 'default', 160, 1598878591, 0, 2, 4, '', 'Hi, I’m a new user on Kaplash!', 0, 1598792875, 0, 0, 0, 0, 1598792862, 1597729890),
(25, 'rope', '$2y$10$m9mGN3QW8/4Q2PwtBA9AXu6MZGRlNZCbYB6ckYEMOpcfS3IZl6D1.', 'peter.lindstroem.jensen@gmail.com', '90.185.254.123', 'default', 290, 1599039750, 0, 8, 5, 'Epic', 'Hi, I\'m rope.\r\nI\'m a Kaplashian, I guess you\'re too.\r\nFeel free to friend me on Kaplash.\r\n______________\r\nID: 25\r\nFirst none-staff Perm.\r\nGroup Holder of: Kaplash Trading Community, Rope Inc. \r\n\r\n', 0, 1599027710, 0, 0, 0, 0, 1599028754, 1597730815),
(26, 'aaaaaaaaa', '$2y$10$QNMvDla9DFsDMFYW34300.Zamt.joBIdZNLN1vVSUzKvJHkQHok8K', 'fdsfsda@ooo.com', '39.42.28.171', 'default', 110, 1597817259, 0, 0, 20, '( Content deleted by administrator )', '( Content deleted by administrator )', 0, 1597731753, 0, 0, 0, 0, 1597731738, 1597730857),
(27, 'josh', '$2y$10$mQfIQpu/UcQG9AAZbISGBu8A2lNWkCfISFCXwlaS2dWaodzupmc1q', 'joshgleeson6@gmail.com', '141.168.186.72', 'default', 160, 1598958166, 0, 10, 2000, 'Hey! I was recently hacked or something, but I\'m good now.', 'Hey! I\'m Josh and the 27th user on Kaplash!', 0, 1598130914, 0, 0, 0, 0, 1598871857, 1597730961),
(28, 'FOX', '$2y$10$H7HPIp/iFG2PnCioJKdEauja8DQcZXkQ0JZn5yThz99i4apmrHvMS', 'aquaticmeowmere@gmail.com', '123.243.159.163', 'default', 110, 1597817858, 0, 0, 0, '( Content deleted by administrator )', '( Content deleted by administrator )', 0, NULL, 0, 0, 0, 0, 1597731750, 1597731457),
(29, '1N4RR', '$2y$10$sLKAWvnyOFwFfCnV31Y5DePx6r.XbmsQ0bIo9cnF9cdv4zC2nT6my', 'pplarge@gmail.com', '213.240.195.40', 'default', 110, 1597817898, 0, 8, 20, '( Content deleted by administrator )', '( Content deleted by administrator )', 0, 1597731564, 0, 0, 0, 0, 1597731927, 1597731496),
(30, 'Vulbrant', '$2y$10$jDRhCx44QOZSpgZ3JH2btOFgzti/d3ADxx4Iqb/z/UE5KmK6MOh5e', 'vulbrant@gmail.com', '175.176.87.2', 'default', 110, 1597818841, 0, 31, 1996, '( Content deleted by administrator )', '( Content deleted by administrator )', 0, 1597732727, 0, 0, 0, 0, 1597734634, 1597732440),
(31, 'coolgamercopy ', '$2y$10$BrcNLHoHAgJN0tvTvT8ZqurUaDp2t7y9mjW9Cr0vpog3nyyO87CGK', 'casp408b@glind.dk', '194.239.103.26', 'default', 130, 1598684212, 1, 2, 4, 'Hello, I\'m the most famous copy.', '( Content deleted by administrator )', 0, 1598205055, 0, 0, 0, 0, 1598597871, 1597732525),
(32, 'Telamon', '$2y$10$THSkqMqH.W/5r.AdhanH2.yNds4exqOI5VZktZB47PRA2MLN8hdXK', 'GuestRBLX.business@gmail.com', '109.131.230.44', 'default', 110, 1598248690, 0, 6, 2, 'Hello i am Telamon. ', 'Hello i am Telamon. ', 0, 1598199628, 0, 0, 0, 0, 1598201747, 1597734194),
(33, 'Natsuki', '$2y$10$8h5f2iTCty5B0zE97.Qf3ujWK3Us9ioVpgqmKyBd03.vBgleRQMfK', 'natsukicreeper@gmail.com', '201.140.8.132', 'default', 130, 1598373179, 9, 6, 7, '( Content deleted by administrator )', '( Content deleted by administrator )', 0, 1597734741, 0, 0, 0, 0, 1598286954, 1597734649),
(34, 'Macintosh', '$2y$10$nq7q8.usNmHTKfiwtP99qeEpc/OW6FpP32orunnQvjPdrJxGESN96', 'rrgates1115@gmail.com', '108.207.249.137', 'default', 110, 1597821442, 0, 0, 7, '( Content deleted by administrator )', '( Content deleted by administrator )', 0, 1597743648, 0, 0, 0, 0, 1597743619, 1597735040),
(35, 'Arc', '$2y$10$YpGsGvh7DtmCM8zwNbDbP.Ng2LFpCK1G1XJatv/LmXEgL3Qo.aIp6', 'zazelboyy@gmail.com', '47.38.53.189', 'default', 190, 1599094782, 0, 0, 5, 'Hi, I\'m Arc', 'Hello, Welcome to my profile, message me if want to send a trade, when they come out!', 0, 1599011530, 0, 0, 0, 0, 1599015795, 1597736279),
(36, 'Beta', '$2y$10$cHzwJW.n9WKKuUhQQ62HB.4LJ3n/lFDl.86CuhQcqzFLi0ugJC6n2', 'zazelboyy35@gmail.com', '47.38.53.189', 'default', 120, 1597945027, 0, 0, 5, 'Suck my cock', 'HELP ME I AM GETTING ASS RAPED MY CHOCO YIELD', 0, 1597858715, 0, 0, 0, 0, 1597858897, 1597736408),
(37, 'Forum', '$2y$10$Dx29styC00bo4zw/wtozLOmQg8i7UY2OzIXp2LAAxzxn/m6rJgcei', 'dotcmds@gmail.com', '47.38.53.189', 'default', 120, 1597945336, 0, 0, 5, 'Suck my cock', 'HELP ME I AM GETTING ASS RAPED MY CHOCO YIELD', 0, 1597736703, 0, 0, 0, 0, 1597858976, 1597736648),
(38, 'officia', '$2y$10$6UP0fATlM2BwGMQqkntwMuZZ5JSSbSCtp6OeXHy.wK3.gCBReObt6', 'official.shadox.games2@gmail.com', '85.146.175.47', 'default', 120, 1598292035, 7, 4, 6, '( Content deleted by administrator )', 'Test account by Official', 0, NULL, 0, 0, 0, 0, 1598205678, 1597736689),
(39, 'Official', '$2y$10$s/SjYv6HkpEXXCShwzt1FORPVyO.NNGXAqdTs41QZjzNGM2K0wszK', 'miran_sas@outlook.com', '85.146.175.47', '74db9b8589cf64dfd1ba1f30c2a99e2c', 190, 1599032969, 7, 4, 6, 'Hello', 'Welcome to my profile,\r\nIm staff here at Kaplash feel free to contact me:\r\n\r\nOfficial#0640', 0, 1598205569, 1, 0, 0, 0, 1599028927, 1597737020),
(40, 'Protogen ', '$2y$10$Fjw9uOIdFIXPpxVx/B/Hie2MyaESLweJBelHskdot0gTl0wl8lzMK', 'chuedarius@gmail.com', '49.245.98.239', 'default', 170, 1598798043, 0, 8, 7, 'Hey guys, UwU', '                    Hello, there.\r\n  The 40th player to join this game\r\n                    User ID: 40\r\n             A Protogen Lover', 0, 1598792417, 0, 0, 0, 0, 1598792403, 1597737036),
(41, 'Harry', '$2y$10$FykA4/WGhZ4JSdsxll836OqaVg9/XaNF7kW2.U.k/TRBMzIgI0hQ2', 'cnthgamingyt@gmail.com', '92.11.183.148', 'default', 170, 1599122039, 0, 0, 3, 'Inactive.', 'Hi I\'m Harry!\r\n\r\nI was the first person ever to reach 100 Forum Posts.\r\n\r\nI\'m a server moderator on the Official Kaplash Discord Server.\r\n\r\nThat\'s all folks! =D', 0, 1598952713, 0, 0, 0, 0, 1599035677, 1597738825),
(43, 'Cat', '$2y$10$S97eFfYYT5D1BVTzdJP2fuwOaOx8Ktk7zB2td0bJcVhAWhr/eukkS', 'cosmicscrolll@gmail.com', '72.193.24.221', 'default', 550, 1598987867, 0, 0, 3, 'join https://kaplash.com/groups/6', 'join https://www.kaplash.com/groups/6', 0, 1598984239, 0, 0, 0, 0, 1598984225, 1597738825),
(44, 'SharkBoy', '$2y$10$VIjsXVrL1x4AY2Wr2r7C2ui2SqtUK3i0j6nOusLvlOXxjEVZZ.yay', 'ssamiar8@gmail.com', '94.255.129.27', 'default', 160, 1598805386, 0, 5, 6, 'soup like lol', 'sup bois', 0, 1598197469, 0, 0, 0, 0, 1598719057, 1597739608),
(46, 'Deleted (46)', '$2y$10$ABxL8fPh2NOm4QO0evO/V.jEkfKpkx5dbWfGFrRp2EXr7FUFuVv0u', 'a6a6a6a6flesk@gmail.com', '79.173.83.89', 'default', 110, 1597827805, 3, 9, 1950, '( Content deleted by administrator )', '( Content deleted by administrator )', 0, NULL, 0, 0, 0, 0, 1597741539, 1597741403),
(47, 'sup', '$2y$10$ZuMQTwcyY.Y2pjhl.Bp6m.aL/7nA87OxrtCu5tHqcpA96aA0JVE/m', 'ajcox3210@gmail.com', '86.3.70.193', 'default', 150, 1598954240, 9, 2, 8, '', '', 0, 1598886955, 1, 0, 0, 0, 1598886954, 1597741700),
(48, 'Deleted (48)', '$2y$10$QlkJMNjb0bAJnHIofhq1KeZ2SYJwQYH2vnjbXVwbtKsKvmZw3pqLC', 'kinkikinker@gmail.com', '84.31.215.118', 'default', 110, 1597829514, 0, 0, 1, '( Content deleted by administrator )', '( Content deleted by administrator )', 0, 1597743174, 0, 0, 0, 0, 1597743206, 1597743111),
(49, 'Deleted (49)', '$2y$10$c/2XiJNrEcup3wzRCVhokeFVDI22/FJSVLjQeE7JXXbx7Jg3Ph.I6', 'studzy@kaplash.com', '5.142.137.10', 'default', 110, 1597829902, 5, 3, 1860, '( Content deleted by administrator )', '( Content deleted by administrator )', 0, NULL, 0, 0, 0, 0, 1597744727, 1597743500),
(50, 'Splash', '$2y$10$2gB2r4/57HHCx9G.sTwkiu0gT6VvNZGMUGa1/EuVHCh7hBbVht5Su', 'xv.media.address@gmail.com', '2601:243:c401:6790:499f:e5d3:8a56:8a95', 'default', 140, 1598919702, 0, 8, 992, 'Thanks Project for restoring my account.', 'Hey, I\'m Splash! I had originally the ID of 5, until the reset.', 0, 1598833396, 0, 0, 0, 0, 1598833408, 1597747075),
(51, 'Deleted (51)', '$2y$10$b1AWP8dwcfbpy9ghheYKouoIIBRgD6tvlIV7NMawMbdqaGjR1Qx1S', 'ismaelmorales0326@gmail.com', '2600:1700:a6f0:cda0:a8c9:e614:5fc:6d31', 'default', 110, 1597835387, 0, 0, 920, '( Content deleted by administrator )', '( Content deleted by administrator )', 0, NULL, 0, 0, 0, 0, 1597748987, 1597748985),
(52, 'Xedris', '$2y$10$xwSbfEm8/CdlcOkdfIP3xO2o2uAFwXfv8RJxLUSt9N1bJhFAQdiya', 'reaperofsouls2015@gmail.com', '2001:5b0:4bc7:ae68:98b8:2268:de5c:8ea0', 'default ', 140, 1598460275, 0, 0, 20, '', 'yes', 0, 1598115856, 1, 0, 0, 0, 1598374286, 1597752466),
(53, 'Deleted (53)', '$2y$10$rxeW2Skc38Rcizk2ikH/wuuSAMQxHqOcyEQDZ0XHq96Vb6XYwBraq', 'mateusbo3042019@gmail.com', '186.212.136.22', 'default', 110, 1597839356, 2, 1, 2002, '( Content deleted by administrator )', '( Content deleted by administrator )', 0, 1597753146, 0, 0, 0, 0, 1597753131, 1597752954),
(54, ' MrDragon', '$2y$10$RlCW5Fw9Bc5cm14ZQsqDPOU.n1yTMKwbUN3Y1vnRnxSOOAjdypKBi', 'owrorototi@gmail.com', '95.210.108.101', 'default', 20, 1597928545, 0, 5, 8, '( Content deleted by administrator )', '( Content deleted by administrator )', 0, 1597857687, 0, 0, 0, 0, 1597857752, 1597753027),
(55, 'Deleted (55)', '$2y$10$vvenKAYn6Q33Wp0DASJX..hAuHcYNHskmZ4XnN4ICNJ81snMDHj0q', 'h20isgood@hotmail.com', '2604:3d09:a17f:f915:94a3:b404:fcc6:1bfe', 'default', 110, 1597840208, 9, 3, 6, '( Content deleted by administrator )', '( Content deleted by administrator )', 0, NULL, 0, 0, 0, 0, 1597753851, 1597753806),
(56, 'Deleted (56)', '$2y$10$6MUi7A.9xN1x0OHZiBBQWuVNNli3OufgOAHzAJH329cq8lVBhx0gO', 'roroka40@gmail.com', '104.251.37.3', 'default', 120, 1597960351, 1, 8, 1922, '( Content deleted by administrator )', '( Content deleted by administrator )', 0, 1597874550, 0, 0, 0, 0, 1597874568, 1597754893),
(57, 'Monkey', '$2y$10$GIlsMxO.813FP.JcUtd.t.CO4xSAhLIReX9vVOnekm1depY6HI.lq', 'monkeymanirblx@gmail.com', '81.83.226.207', 'default', 140, 1598987868, 0, -20, 15, 'Nani', 'Staff @ Kaplash', 0, 1598608431, 1, 0, 0, 0, 1598901492, 1597756877),
(58, 'Deleted (58)', '$2y$10$BjvADMQ6rY8RRSn3y1SCL.DhQJFTIxQxKHGWFa9iXjufFY5IQOaqi', 'Jeffiln.boateng@gmail.com', '109.131.230.44', 'default', 110, 1597844862, 0, 6, 2, '( Content deleted by administrator )', '( Content deleted by administrator )', 0, 1597758646, 0, 0, 0, 0, 1597759499, 1597758461),
(59, 'Deleted (59)', '$2y$10$n8Lg2HRbgL58Xb79uUBxxu3/jp8CSHWJUcV.oxTPTr3p.1I2eiGra', 'follestadvs@gmail.com', '2a01:799:9e0:4300:296a:255a:f5ff:5329', 'default', 110, 1597845212, 0, 0, 20, '( Content deleted by administrator )', '( Content deleted by administrator )', 0, 1597759084, 0, 0, 0, 0, 1597759111, 1597758810),
(60, 'Deleted (60)', '$2y$10$ZiB6sAy4Ng4M9r9djliXlOPoOkQ0MidsfnrrK4d6hERjwAPCBHmqW', 'hactodacto@gmail.com', '81.83.226.207', 'default', 110, 1597846146, 0, -20, 15, '( Content deleted by administrator )', '( Content deleted by administrator )', 0, NULL, 0, 0, 0, 0, 1597759790, 1597759743),
(61, 'Deleted (61)', '$2y$10$yBh/M04rpjHlhXHoBwJO0e/rD2KkSvO80B5WoQWGKoKpbu.cJABKG', 'teueurei@gmail.com', '2a02:1810:3601:5100:24a5:ad76:132e:4c36', 'default', 110, 1597846409, 9, 4, 8, '( Content deleted by administrator )', '( Content deleted by administrator )', 0, NULL, 0, 0, 0, 0, 1597760025, 1597760007),
(62, 'kang ', '$2y$10$vK.1k5mngyZSMKuD5ufetecrn.aj3U9garaMZuM1nBiRmuG/qzOzy', 'poolaidguy@gmail.com', '86.26.228.221', 'default', 110, 1598213055, 0, 0, 0, 'This message is to prevent account deletion, it will be updated soon', 'This message is to prevent account deletion, it will be updated soon', 0, 1598126731, 0, 0, 0, 0, 1598126778, 1597760630),
(63, 'Deleted (63)', '$2y$10$6AFfw799EVpjrjR7k9.5kOWvPg93pNY8GvEcIqpgmBomzasXGovrK', 'dejaigh@gmail.com', '2605:a000:f342:bc00:dd17:f4ef:2038:a632', 'default', 110, 1597847262, 0, 0, 0, '( Content deleted by administrator )', '( Content deleted by administrator )', 0, 1597761019, 0, 0, 0, 0, 1597761507, 1597760860),
(64, 'Deleted (64)', '$2y$10$z/1t47CjwOhB1QrCSrKiR.i06a9a29dY.M/rsrBNVky7IK5K3wg3e', 'kaiokeno@protonmail.com', '82.132.218.225', 'default', 100, 1597847754, 0, 5, 2002, '( Content deleted by administrator )', '( Content deleted by administrator )', 0, NULL, 0, 0, 0, 0, 1597761737, 1597761352),
(65, 'Deleted (65)', '$2y$10$AYXa7QOSjMCnAhAeevLbZuogA1VqFW.993FoFpKjAX3uw5gebvTlu', 'epickgamerboi@gmail.com', '2600:100c:b21e:7bd7:8c76:8fcb:66f4:441d', 'default', 110, 1597848419, 0, 0, 88, '( Content deleted by administrator )', '( Content deleted by administrator )', 0, NULL, 0, 0, 0, 0, 1597762045, 1597762017),
(66, 'Deleted (66)', '$2y$10$.OG2aoRQR9T5sh/SjcrOiOhEysRHN34FcVmgsld9mclrah0cZh/3.', 'bigrobux93939@gmail.com', '2601:243:c502:6460:3596:e4f9:9e1a:fc7d', 'default', 110, 1597848564, 0, 1, 20, '( Content deleted by administrator )', '( Content deleted by administrator )', 0, 1597762322, 0, 0, 0, 0, 1597762472, 1597762162),
(67, 'Deleted (67)', '$2y$10$slUVpWzzxyfOruDRea9uDeryjiK9gDsv8J8.n/WCkiakoOWhwv.l6', 'p@a.r', '2a02:c7f:2caa:7f00:5dee:af6e:46cd:ad57', 'default', 110, 1597848768, 4, 8, 2020, '( Content deleted by administrator )', '( Content deleted by administrator )', 0, NULL, 0, 0, 0, 0, 1597762470, 1597762365),
(68, 'Deleted (68)', '$2y$10$dmz5YnNbjFgXJWQAcyzrvunuBN1fy/7SpPyOdukfZqpyIi4ebx3py', 'KitoksDomo@Gmail.com', '88.222.234.248', 'default', 110, 1597848886, 0, 6, 3, '( Content deleted by administrator )', '( Content deleted by administrator )', 0, NULL, 0, 0, 0, 0, 1597762993, 1597762485),
(69, 'Treiplen', '$2y$10$kJO2KKr0sl4kIVsPxfHvU.oVIs2s2ttYlEobuX9B1J1AJ0bZA3AU.', 'handm8110@gmail.com', '179.187.170.50', 'default', 60, 1599054413, 2, 8, 1990, ':D', '( Content deleted by administrator )', 0, 1599008147, 0, 0, 0, 0, 1599008135, 1597764422),
(70, 'Deleted (70)', '$2y$10$6v0m9FEcuhPkBQy7zRxCCet8aK8938FgrXnYL34So4ufw0qh3ysfO', 'dmt0119@yahoo.com', '74.111.121.216', 'default', 10, 1597851081, 0, 9, 7, '( Content deleted by administrator )', '( Content deleted by administrator )', 0, NULL, 0, 0, 0, 0, 1597799302, 1597764679),
(71, 'Fly', 'TheMagicMakrRBLX', 'nerfstudioyt@gmail.com', '8.41.122.72', 'default', 120, 1597956377, 0, 9, 20, '( Content deleted by administrator )', '( Content deleted by administrator )', 0, NULL, 0, 0, 0, 0, 1597885034, 1597766323),
(72, 'Brick', '$2y$10$pq7zpYCM56YGKFkJDkUud.dP2M9dBb./v6C1HT4wYQP6hNy7A8gSu', 'ignaciogronda06@gmail.com', '190.183.159.215', 'default', 60, 1598878940, 0, 0, 6, '', 'Hi, I’m a new user on Kaplash!', 0, 1598144953, 0, 0, 0, 0, 1598871636, 1598144503),
(73, 'Deleted (73)', '$2y$10$dqUo1ME9ZwHLu0WstqXR.enFC9Ostfz/J5gfZjWYqiwkCuh.FQjLK', 'gkggsdg@gmail.com', '72.193.24.221', 'default', 10, 1597853170, 0, 0, 20, '( Content deleted by administrator )', '( Content deleted by administrator )', 0, NULL, 0, 0, 0, 0, 1597774728, 1597766769),
(74, 'Deleted (74)', '$2y$10$HHzXK9ryvWZdZqocZC85quJOTqRRkIot9jRrPFY4V2Kj3jiwSfSGK', 'aj@jermsmit.com', '73.112.85.62', 'default', 10, 1597853798, 0, 0, 4, 'Suck my cock', '( Content deleted by administrator )', 0, NULL, 0, 0, 0, 0, 1597767544, 1597767397),
(75, 'Deleted (75)', '$2y$10$/YaI1Qy19QYfyltXpnRwNuTQ9iUR9BHTOtkZ8HVLYNjprOuVI.Y0S', 'skeppy@gmail.com', '73.112.85.62', 'default', 10, 1597854338, 0, 0, 0, '( Content deleted by administrator )', '( Content deleted by administrator )', 0, 1597768003, 0, 0, 0, 0, 1597773078, 1597767936),
(76, 'Deleted (76)', '$2y$10$e7usDU6O1a9SXK3GUV5BgeD7XoNWtKSpA6EJG5izdq6PatvZFMTxy', 'zacksympa@gmail.com', '203.220.133.17', 'default', 10, 1597854410, 0, 7, 4, '( Content deleted by administrator )', '( Content deleted by administrator )', 0, NULL, 0, 0, 0, 0, 1597768138, 1597768008),
(77, 'Deleted (77)', '$2y$10$EQ6qXTvM4e/MTxYDRVUVQOtohoQARlDnXBDsmsDOOehfa6KcJqLee', 'hacker102sike@gmail.com', '73.112.85.62', 'default', 10, 1597855591, 0, 0, 0, '( Content deleted by administrator )', '( Content deleted by administrator )', 0, NULL, 0, 0, 0, 0, 1597772398, 1597769191),
(78, 'Deleted (78)', '$2y$10$d5KFNeb5aJYHa1of9QDhOe4hiuZjyNT8v9P7LE2XzqnamDY19YUMq', 'nicolecason84@gmail.com', '2605:a000:1301:c6c5:7c16:e35e:f5cd:581', 'default', 10, 1597855721, 0, 5, 930, '( Content deleted by administrator )', '( Content deleted by administrator )', 0, NULL, 0, 0, 0, 0, 1597774219, 1597769320),
(79, 'Deleted (79)', '$2y$10$UJNSv5d0z3KCc15OsYCUROG2koAdEz/iJx9TkKS7RKbyndOkDOSPW', 'hacker101sike@gmail.com', '73.112.85.62', 'default', 10, 1597855754, 0, 0, 0, '( Content deleted by administrator )', '( Content deleted by administrator )', 0, NULL, 0, 0, 0, 0, 1597772348, 1597769352),
(80, 'Deleted (80)', '$2y$10$qtejchEDKnmIzZj8Qxl4BOg.GfW7SIQC.ENm/bmdsoe9N9rDHC01K', 'cason.nicole@aol.com', '2605:a000:1301:c6c5:7c16:e35e:f5cd:581', 'default', 10, 1597855851, 1, 14, 2002, '( Content deleted by administrator )', '( Content deleted by administrator )', 0, NULL, 0, 0, 0, 0, 1597769473, 1597769449),
(83, 'Deleted (83)', '$2y$10$UyblANP2Rl9B2j1JP7umIOAhuHkQz.evLv/8DzCdP0HULRYEKpyua', 'aaa@jp.com', '2600:1700:cc90:9ba0:5106:5b2f:82f7:a010', 'default', 10, 1597857949, 0, 0, 0, '( Content deleted by administrator )', '( Content deleted by administrator )', 0, 1597771844, 0, 0, 0, 0, 1597771839, 1597771547),
(84, 'Deleted (84)', '$2y$10$MBJPGsN1lX5yOAx.XQa2geWid8HMIkkpdBXkRTGXoR6RZpQWR1tti', 'flypoper2@gmail.com', '83.251.198.167', 'default', 10, 1597858533, 9, 0, 1, '( Content deleted by administrator )', '( Content deleted by administrator )', 0, 1597772179, 0, 0, 0, 0, 1597772181, 1597772131),
(85, 'Deleted (85)', '$2y$10$sQnZfE/bA7jLa.KvQFUVTOfuvAyNr1JS6SxPqiYLjncOE.bwfXCWe', 'skarcy@jermsmit.com', '185.99.3.105', 'default', 10, 1597859543, 0, 0, 0, '( Content deleted by administrator )', '( Content deleted by administrator )', 0, NULL, 0, 0, 0, 0, 1597773188, 1597773141),
(86, 'Deleted (86)', '$2y$10$DRBocM18bDloTjBaZCymb.PKdRdHu3ggTfoNw.7gKUYRE/N3g4fv2', 'sketp@jermsmit.com', '185.99.3.105', 'default', 10, 1597859639, 0, 0, 0, '( Content deleted by administrator )', '( Content deleted by administrator )', 0, NULL, 0, 0, 0, 0, 1597773614, 1597773237),
(87, 'Deleted (87)', '$2y$10$y50/6Jj0GebUmhoqBjBd2.vWbnhUYzUqHCQqzkDQc6KG8.Vg0Egkm', 'a132j@jermsmit.com', '185.99.3.105', 'default', 10, 1597860061, 0, 0, 0, '( Content deleted by administrator )', '( Content deleted by administrator )', 0, NULL, 0, 0, 0, 0, 1597773908, 1597773660),
(88, 'Deleted (88)', '$2y$10$X2U22SCgO/8P4wIIWpl3suVnpxuJR600Evdyepd3nXVmroYo42vZi', 'rokndo@gmail.com', '95.210.108.101', 'default', 10, 1597860543, 0, 5, 8, '( Content deleted by administrator )', '( Content deleted by administrator )', 0, NULL, 0, 0, 0, 0, 1597774201, 1597774140),
(89, 'Pole', '$2y$10$JtC6dk2Pp78RJq0Qgqf4wO0JEBH1CPd2chyI6xeI3PO7P/.4oX7gq', 'tobyeguest@gmail.com', '86.26.228.221', 'default', 110, 1597861033, 0, 3, 5, '( Content deleted by administrator )', '( Content deleted by administrator )', 0, NULL, 0, 0, 0, 0, 1597774661, 1597774630),
(90, 'Deleted (90)', '$2y$10$y3WySWeGwTOL8GtfzTxjW.Yy6FRfcjJH/pMJw9lNdS1mR4FsZm2Tu', 'nikita.kamaldinov2@gmail.com', '91.204.115.107', 'default', 10, 1597861104, 9, 8, 2000, '( Content deleted by administrator )', '( Content deleted by administrator )', 0, NULL, 0, 0, 0, 0, 1597774763, 1597774702),
(91, 'South', '$2y$10$6JcJXfD.SDYScZdnDAjLl.cdeAxLtePrudFXlPxgRRW0XO4ifWJu2', 'po.olaidguy@gmail.com', '86.26.228.221', 'default', 170, 1598794810, 0, 1, 7, 'I thought the refresh avatar button would work this time D:', 'Hey i\'m South, A semi-active user who also partially created the old Kaplash Logo!', 0, 1598195455, 0, 0, 0, 0, 1598710726, 1597774767),
(92, 'Deleted (92)', '$2y$10$p0ILVHF6oYurlaA23L2mOOHa3wXHGtRm35d3C6xNtehk3H.ljeUYO', 'feistiestarc@gmail.com', '86.130.36.176', 'default', 10, 1597861480, 4, 8, 2001, '( Content deleted by administrator )', '( Content deleted by administrator )', 0, 1597775126, 0, 0, 0, 0, 1597775424, 1597775077),
(93, 'Deleted (93)', '$2y$10$z88tF0xyM7K0/noo1iglSuOcPkE8ruep0spzPEljSmBrMNMpF125i', 'harrisontjdouglas@yahoo.com', '92.11.183.148', 'default', 10, 1597861489, 9, 6, 8, '( Content deleted by administrator )', '( Content deleted by administrator )', 0, 1597775138, 0, 0, 0, 0, 1597775127, 1597775087),
(94, 'Deleted (94)', '$2y$10$lKTv6rD/ocFwE4fmtV4RZuoyQg9B2hbt2EtJ1G0yfBGkrb7ph2eIK', 'ilikechickenandcoolaid@gmail.com', '67.82.202.254', 'default', 10, 1597862037, 0, 0, 3, '( Content deleted by administrator )', '( Content deleted by administrator )', 0, 1597777779, 0, 0, 0, 0, 1597777750, 1597775635),
(95, 'Deleted (95)', '$2y$10$PQxKUMknCnzOVtSdfMFOVO3isAdBdkb8gcD64eTS.2Bv987uFwoeu', 'vulimir@gmail.com', '62.240.30.1', 'default', 10, 1597862318, 6, 7, 2005, '( Content deleted by administrator )', '( Content deleted by administrator )', 0, 1597775998, 0, 0, 0, 0, 1597776352, 1597775916),
(96, 'Deleted (96)', '$2y$10$P3qclpotWr5xwZUWpiLnE.9LuP/QnpKDw2QHnSqfsYGSO52Elmlpu', 'rwfrank@hotmail.com', '98.29.48.250', 'default', 10, 1597867410, 0, 2, 20, '( Content deleted by administrator )', '( Content deleted by administrator )', 0, NULL, 0, 0, 0, 0, 1597781019, 1597781008),
(97, 'Deleted (97)', '$2y$10$kc.myU.KswzmLuBzv/fWN.gG3VvHYonTbORtUGn55xYq99NXOH7Q.', 'pixelscream0@gmail.com', '2600:6c50:667f:fc1d:6da4:3ad:ca9a:740c', 'default', 20, 1597956910, 0, 0, 6, '( Content deleted by administrator )', '( Content deleted by administrator )', 0, 1597870689, 0, 0, 0, 0, 1597870768, 1597781693),
(98, 'Deleted (98)', '$2y$10$egzeP0nCLM/lYx9twLyrGuT27cPqTQ1q8b667xCtWO4u6/G73rS1O', 'leopardqueentdm@gmail.com', '108.91.177.176', 'default', 10, 1597868121, 0, 0, 20, '( Content deleted by administrator )', '( Content deleted by administrator )', 0, 1597781769, 0, 0, 0, 0, 1597782305, 1597781720),
(99, 'Deleted (99)', '$2y$10$FSdlT7VEAf3LCu8bZ8R0IeYd2H/gWtyi.TTARsy7d5Ddt8/.uFpoW', 'djgbsg@gmail.com', '72.193.24.221', 'default', 10, 1597869605, 0, 0, 20, '( Content deleted by administrator )', '( Content deleted by administrator )', 0, NULL, 0, 0, 0, 0, 1597787780, 1597783203),
(100, '100', 'ehogshgghsgsgsgdsdhew2312', 'joshwadediago@gmail.com', '72.193.24.221', 'default', 120, 1597979699, 0, 2, 999, '( Content deleted by administrator )', '( Content deleted by administrator )', 0, 1597846808, 0, 0, 0, 0, 1597893346, 1597783239),
(101, 'Deleted (101)', '$2y$10$/PVM9OvBqR6VdVDLFucaq.DpdhxL3jd4NSyZtIGtwn/JylXiNR9FO', 'extremeplayer32@gmail.com', '49.146.37.160', 'default', 20, 1597963902, 0, 0, 0, '( Content deleted by administrator )', '( Content deleted by administrator )', 0, 1597913735, 0, 0, 0, 0, 1597914993, 1597788506),
(102, 'Person', '$2y$10$2.HXJ2RVgVNbPJSImum.3ON9n7s8Uwcieed4nx7hRzPUwtEXdK5LS', 'landonrbbp@gmail.com', '68.2.119.106', 'default', 230, 1598755563, 0, 0, 77, 'Hello!', 'Hello!', 0, 1598578147, 1, 0, 0, 0, 1598669316, 1597788597),
(103, 'Deleted (103)', '$2y$10$RKKWJ/jrHC1b44pyrMekJO/h6hQLTmEAXhCVDjnGLyB2qTt.yPjEu', 'jett.r@hotmail.com', '2001:8004:d04:b589:a983:30f0:c6a3:c23', 'default', 20, 1597964898, 9, 1, 9, '( Content deleted by administrator )', '( Content deleted by administrator )', 0, 1597805558, 0, 0, 0, 0, 1597878724, 1597789139),
(104, 'Deleted (104)', '$2y$10$valkOcVZ6Im6YTn/Ql/6HuViZFo7UUmeReMFvoRBnBWvI5qegBSxa', 'marcodjicontacto@gmail.com', '83.165.14.27', 'default', 10, 1597875593, 4, 8, 6, '( Content deleted by administrator )', '( Content deleted by administrator )', 0, 1597789997, 0, 0, 0, 0, 1597831794, 1597789190),
(105, 'Deleted (105)', '$2y$10$yJKRzh4hMN04iMbx7L.M.Os1pDc76rXkwZFbTAg6iocmPoBYt01l6', 'xxx@d.co', '173.245.202.246', 'default', 10, 1597878139, 0, 1, 20, '( Content deleted by administrator )', '( Content deleted by administrator )', 0, NULL, 0, 0, 0, 0, 1597791855, 1597791737),
(107, 'Deleted (107)', '$2y$10$eJp8zaYk5h3pd.MhgfEAA.DwTBxVF522BZVG2WDwZjhheArzJhXUu', 'sherryblake3@gmail.com', '66.189.61.237', 'default', 10, 1597883215, 0, 6, 7, '( Content deleted by administrator )', '( Content deleted by administrator )', 0, NULL, 0, 0, 0, 0, 1597796936, 1597796814),
(108, 'Deleted (108)', '$2y$10$kPwSdRLo1kkx20A8v0vfZuMKxOhib3P.lC/Jnvgo/S3voE0npqm5q', 'honiackal@gmail.com', '2607:fb90:ce25:f5ad:6462:ae8:91b8:e203', 'default', 10, 1597887235, 0, 4, 8, '( Content deleted by administrator )', '( Content deleted by administrator )', 0, NULL, 0, 0, 0, 0, 1597800854, 1597800833),
(109, 'Deleted (109)', '$2y$10$FqOey/UR50iXwMv13RE9AO.0DCI073Bolq81MPevMFeT9md9mScRu', 'vxh.0.vxh@gmail.com', '68.2.119.106', 'default', 10, 1597889818, 0, 5, 20, '( Content deleted by administrator )', '( Content deleted by administrator )', 0, NULL, 0, 0, 0, 0, 1597805477, 1597803417),
(110, 'Deleted (110)', '$2y$10$ftttJP2q/cmO/Kys5Vgi6uvBITgmlwCLeD/WtuR4Yw.9yhiuZ.2iC', 'beanz@kaplash.com', '120.16.178.226', 'default', 10, 1597890638, 9, 1, 1, '( Content deleted by administrator )', '( Content deleted by administrator )', 0, 1597804506, 0, 0, 0, 0, 1597804477, 1597804236),
(111, 'Deleted (111)', '$2y$10$X0PD0vTpJlKVJG94YLKd1ucr0THYCpDRaXjTKPKCFOrjkSeruPBO2', 'josemo360@yahoo.com', '2601:6c1:c200:b880:e874:74c2:9dbb:a877', 'default', 30, 1598986895, 0, 7, 8, 'wowwhat happened', '( Content deleted by administrator )', 0, 1598915081, 0, 0, 0, 0, 1598975961, 1597809246),
(112, 'Deleted (112)', '$2y$10$a6vzCmjxaG2Y7h2QV2BileD50hwZTSmNTJWvQTki9d4K94JSLdda2', 'vidilo8598@corsj.net', '50.121.43.165', 'default', 10, 1597896815, 0, 0, 20, '( Content deleted by administrator )', '( Content deleted by administrator )', 0, 1597810612, 0, 0, 0, 0, 1597884289, 1597810413),
(113, 'Deleted (113)', '$2y$10$U6plkAMDzC.spVVzROns8eCdapLx7AuCGl69.CmrLmEUoxE0xIXJO', 'millie.bushby@icloud.com', '203.38.217.254', 'default', 10, 1597899833, 6, 8, 2020, '( Content deleted by administrator )', '( Content deleted by administrator )', 0, NULL, 0, 0, 0, 0, 1597813516, 1597813432),
(114, 'Deleted (114)', '$2y$10$0zYyDsh2YK3oI5OmtFsPZOIVQAf3spT4Jwusf8.Kjpd40w8r2D5um', 'mapfromltd@gmail.com', '114.73.121.186', 'default', 10, 1597910350, 6, 8, 2020, '( Content deleted by administrator )', '( Content deleted by administrator )', 0, NULL, 0, 0, 0, 0, 1597824896, 1597823948),
(115, 'Deleted (115)', '$2y$10$L/J9bm/4211h3QP0NuDCIO8EFBL2V1QjYvVtpU9b.TyGn3FHFwaIG', 'amerazmirohazamknd@gmail.com', '2001:e68:5430:4635:b029:1a92:4571:5acc', 'default', 10, 1597910980, 1, 30, 1993, '( Content deleted by administrator )', '( Content deleted by administrator )', 0, 1597824713, 0, 0, 0, 0, 1597824704, 1597824578),
(116, 'Deleted (116)', '$2y$10$pMSfxV7RYxvRUsE2V2sN4.G8RsYa/Qwfbi66qSaTTnzHBJj/BDSQy', 'kinkikinker2@gmail.com', '84.31.215.118', 'default', 10, 1597911659, 0, 0, 1, '( Content deleted by administrator )', '( Content deleted by administrator )', 0, NULL, 0, 0, 0, 0, 1597825589, 1597825258),
(117, 'Deleted (117)', '$2y$10$jwsHUhk6hecMz6JZGh13Z.WZ4kIgFhC5HZ4WL4cE6lMSqArIIX3Uy', 'epicforlife195@gmail.com', '2001:8003:892b:1c00:81fa:a999:79:1e9e', 'default', 10, 1597918071, 0, 0, 0, '( Content deleted by administrator )', '( Content deleted by administrator )', 0, NULL, 0, 0, 0, 0, 1597832339, 1597831670),
(118, 'Deleted (118)', '$2y$10$ykuzHJgiV7z6cH9zNAXAfufBj9ZNLqpwHg8EwPbccIw.UWuvb6hxS', 'tyrannizerdev@gmail.com', '64.130.195.98', 'default', 10, 1597932374, 0, 3, 999, '', '', 0, NULL, 0, 0, 0, 0, 1597855334, 1597845972),
(119, 'Deleted (119)', '$2y$10$Zo2VkhxyLhuFMlwoT8YK0etR4ZXKGDt1YQmLwbZ4GV0pT0TxYiXzq', 'kengiewilson1@gmail.com', '2600:6c5d:4200:3247:9911:29ba:91b7:9975', 'default', 10, 1597937130, 0, 6, 3, '( Content deleted by administrator )', '( Content deleted by administrator )', 0, 1597924471, 0, 0, 0, 0, 1597924575, 1597850728),
(120, 'Deleted (120)', '$2y$10$nC5.li8M2cPFf9mLvYCUSuUOyNhKhj7XotJOrIWzZnexQDlgfp9Ua', 'jkfnjfdjvf@gmail.com', '2600:6c5d:4200:3247:9911:29ba:91b7:9975', 'default', 10, 1597937247, 1, 14, 2013, '( Content deleted by administrator )', '( Content deleted by administrator )', 0, NULL, 0, 0, 0, 0, 1597850867, 1597850845),
(121, 'Deleted (121)', '$2y$10$/D9kwNJXfOD52UwtXpXH4O2eSxw1yJEBu/kbe7p6Ok9nhlHNRf5Zm', 'oliv293c@gmail.com', '80.62.117.121', 'default', 10, 1597937831, 0, 0, 0, '', '', 0, 1597851491, 0, 0, 0, 0, 1597851477, 1597851429),
(122, 'Deleted (122)', '$2y$10$9jU/O3X3zjjhYMbT6areUOadQd.WY8t39tC0xJOqc965lgTp4yobu', 'mrmarshmellohead@gmail.com', '47.38.53.189', 'default', 20, 1598308520, 0, 4, 4, '( Content deleted by administrator )', '( Content deleted by administrator )', 0, 1597858264, 0, 0, 0, 0, 1598222236, 1597857486),
(123, 'Deleted (123)', '$2y$10$ldVcgis8Mmn1KkBwlAHpAekOMUHIBCuu/bGc8.aLhwcZuqyZe6vXC', 'bfhhdh@gmail.com', '45.89.173.198', 'default', 10, 1597948459, 2, 21, 1999, '( Content deleted by administrator )', '( Content deleted by administrator )', 0, 1597866155, 0, 0, 0, 0, 1597936991, 1597862057),
(124, 'HouseMaster', '$2y$10$i4SLASRh0yw0GAJh2tUAaOor6G8r8ckX/K5j4Kw2XSkPL1sWZvYpu', 'trtgamers1234@gmail.com', '75.100.199.254', 'default', 120, 1598204721, 2, 21, 2001, 'css is awesome if you know what your doing!', 'Hello!', 0, 1598118371, 1, 0, 0, 0, 1598119983, 1597870326),
(125, 'Deleted (125)', '$2y$10$euu3lh44QGpNebqSFJ6OquJRk1q7puH0YE8dcNykniK8DDbSF1Yjm', 'truyksretro5@gmail.com', '80.193.167.75', 'default', 10, 1597956820, 0, 8, 2020, '( Content deleted by administrator )', '( Content deleted by administrator )', 0, NULL, 0, 0, 0, 0, 1597871224, 1597870418),
(126, 'Deleted (126)', '$2y$10$UBdy7K6LTEy/d.J8hKiotOQMOPLj/Ks8FoBc7mtdlGm7cWaBkgIE.', 'minihawkins2@gmail.com', '109.249.185.87', 'default', 10, 1597957661, 0, 0, 7, '( Content deleted by administrator )', '( Content deleted by administrator )', 0, NULL, 0, 0, 0, 0, 1597871511, 1597871259),
(127, 'Deleted (127)', '$2y$10$qtplVCUB/93uC5CLqEsm9uvmlyBsOwKn.TI7ajsZzCH5q7hlPjbgq', '22JWoo01@CliffParkOA.co.uk', '2a00:23c4:7582:5200:f0d7:6a1c:d562:67b4', 'default', 10, 1597959678, 8, 4, 2006, '( Content deleted by administrator )', '( Content deleted by administrator )', 0, NULL, 0, 0, 0, 0, 1597873417, 1597873276),
(128, 'Deleted (128)', '$2y$10$ekxHhYYKj0p0xVK6vPcmReA0.1H0G6Ttpx7IoLifa.olMdEcyBh6m', 'vaughnderrick149@gmail.com', '97.85.175.77', 'default', 10, 1597962508, 0, 0, 6, '( Content deleted by administrator )', '( Content deleted by administrator )', 0, 1597876451, 0, 0, 0, 0, 1597880810, 1597876108),
(129, 'Deleted (129)', '$2y$10$U.ZqqSkYovSZ/zY4djtNaeDPnWiBzuIyXWO8zlMcPDffrqDfJ8WzS', 'mawegex707@accordmail.net', '50.121.43.165', 'default', 10, 1597962673, 0, 0, 20, '( Content deleted by administrator )', '( Content deleted by administrator )', 0, NULL, 0, 0, 0, 0, 1597882948, 1597876271),
(130, 'Deleted (130)', '$2y$10$rWBE8ccBkUE1y44PESkaCOn1XPgX4iUlwRfYYFuBNH.01j6E8.SS.', 'suki.r@aol.com', '49.181.246.77', 'default', 10, 1597964844, 9, 1, 5, '( Content deleted by administrator )', '( Content deleted by administrator )', 0, NULL, 0, 0, 0, 0, 1597878483, 1597878443),
(131, 'Deleted (131)', '$2y$10$grw9vPbc46bv47IZyb4c.uoEOjlZejEFRIth8M16wsAfX5kUKKXsy', 'davidlesley6@gmail.com', '68.112.24.100', 'default', 10, 1597965494, 0, 7, 0, '( Content deleted by administrator )', '( Content deleted by administrator )', 0, NULL, 0, 0, 0, 0, 1597879122, 1597879092),
(132, 'Primaries ', '$2y$10$h2g6..IBIoMjYp7MTnJ6bOze4z3PqQp47MtHFX3J9aN298WjCJYA6', 'bloxianista@gmail.com', '49.147.174.183', 'default', 160, 1599054361, 0, 0, 6, 'Dont know', 'Nothing personal here.', 0, 1598998828, 0, 0, 0, 0, 1598998823, 1597916653),
(134, 'lolgameded', '$2y$10$PWa8MNDN9k0BQ8t9qVycZ.s4l5b3ue5JRbkGwtYltmBV4MWolUsw6', 'miha82940@gmail.com', '188.226.50.38', 'default', 110, 1598028768, 0, 7, 6, 'hi this game ded', 'Hi, I’m a new user on Kaplash!', 0, 1597942524, 0, 0, 0, 0, 1597942628, 1597942366),
(135, 'Boy', '$2y$10$bLLk5OcrL6VIBcgRRpvOH.QF0iBsTcv9WjgDnWghWbSQFRbQFVxeS', 'normal53108@gmail.com', '74.111.112.106', 'default', 110, 1598029934, 0, 1, 2, '', 'help please', 0, 1597943795, 0, 0, 0, 0, 1597943917, 1597943532),
(136, 'plsdontban', '$2y$10$fs1I30mbkaP1qCRPxpEXpOMmBbAd5oKYSt.esSZ6KaXRmqX6WpIDK', 'ckay1984ckay1984@outlook.com', '188.226.50.38', 'default', 110, 1598030283, 0, 0, 4, 'i want admin', '*********************************************', 0, 1597944712, 0, 0, 0, 0, 1597944690, 1597943880),
(137, 'Official', '$2y$10$aNeUC3N2xAqzKXkXjktqU.4NiaFlbNlS.z9QpUQReRLSXL8D0SV2O', 'Freesubsonyt@outlook.com', '85.146.175.47', 'default', 110, 1598199946, 0, 6, 4, '', 'Hi, I’m a new user on Kaplash!', 0, NULL, 0, 0, 0, 0, 1598113623, 1598113545),
(138, 'nezoo', '$2y$10$OsdCoUdDh050L73noQjd9Or.g5TO3jjiktGintoK3N4Pqmmskb13u', 'ultimatenezooreal@gmail.com', '91.134.2.190', 'default', 130, 1598786121, 0, 3, 20, '', 'Hi, I’m a new user on Kaplash!', 0, 1598188943, 0, 0, 0, 0, 1598700678, 1598113685),
(139, 'Floppa', '$2y$10$mtn2dKZ8IZg.J5ktNro5GeY.f9xEhdW26c5oLNBLNRwLNV6JvTksK', 'hamzatawfeeq195462@gmail.com', '41.69.107.104', 'default', 110, 1598200414, 0, 0, 2, 'flop', 'Hi, I’m a new user on Kaplash!', 0, 1598114103, 0, 0, 0, 0, 1598117662, 1598114012),
(140, 'Hybrid', '$2y$10$yE5WN9CMH4rOynanLL/.o.Ep3Ny9yDvfr4XWcCjeyz9Og3jfgqdqC', 'blueskulldonkey@gmail.com', '67.141.34.108', 'default', 140, 1598932276, 0, 0, 4, 'First to join British Army group, except im an American B)', 'Hello!', 0, 1598720466, 0, 0, 69, 0, 1598845953, 1598115057),
(141, 'flycatcher', '$2y$10$XGQUFB6PKidPo5mg1zCDxOjrJyjt7FDSZid9Xdc/ILb07byy9LA6O', 'testyboi244@gmail.com', '2601:702:c100:3523:1dce:a854:6474:b272', 'default', 120, 1598618980, 0, 1, 20, '', 'Hi, I’m a new user on Kaplash!', 0, 1598123872, 0, 0, 0, 0, 1598532621, 1588120357),
(142, 'root', '$2y$10$zrouDtqCb2AbmgBoTH6WruclS/UxlW84FUA6L7OqAnGv16XDR6zqi', 'vmshellos@gmail.com', '0.0.0.0', 'default', 110, 1598209945, 0, 2, 20, '', 'Hi, I’m a new user on Kaplash!', 0, NULL, 0, 0, 0, 0, 1598123627, 1598123543),
(143, 'Saiko_Yonebayashi', '$2a$10$/Hvk3pNVMp7Kpa7VhJpnwe4PTVTmTn8LHUf/WZI2tTgt94SO6NB7W', 'normal53108@gmail.com', '74.111.112.106', 'default', 1090, 1598210108, 0, 0, 20, 'Saiko Yonebayashi; Apprentice of social engineering, newbie web exploiter, lovely girl', 'Hi, I’m a new user on Kaplash!', 0, 1598206033, 0, 0, 0, 0, 1598206134, 1598123704),
(145, 'Brave', '$2y$10$cOLSeteHLULTz2qFb2bPGOAtmf9QTu6XtJXfiJrRT4sRO.WGERn/y', 'gabriel@gabrielgames.ml', '49.146.46.151', 'df2842912c09997fa84a35cd4876fbde', 140, 1598917039, 0, 1, 5, 'sup', 'Hi, I’m a new user on Kaplash!', 0, 1598600772, 0, 0, 0, 0, 1598914047, 1598134363),
(146, 'thecrazyinsanity', '$2y$10$ZloFD/t/p/8cZO7pZJ5gQekyKZEuSPd3HjtlhlFXOHcfXM1DV9zAe', 'test.yboi246@Gmail.com', '2601:702:c100:3523:1dce:a854:6474:b272', 'default', 110, 1598220791, 0, 7, 20, '', 'Hi, I’m a new user on Kaplash!', 0, NULL, 0, 0, 0, 0, 1598194539, 1598134390),
(147, 'studzy', '$2y$10$F4/9v0ZM6ieyPQEfYJDBJO5XaRH/4rqwxgJXosNvIoX8YrcpG6Fky', 'studzy@implorium.com', '5.142.158.162', 'default', 110, 1598221066, 4, 9, 1755, '', 'Hi, I’m a new user on Kaplash!', 0, 1598134838, 0, 0, 0, 0, 1598134810, 1598134664),
(149, 'Aqua', '$2y$10$tZnBjWWtkaKRI2l5yjLtuuxcaiRd9ceBunehXh39g7FzMu40t4pq.', 'firedbloxy@gmail.com', '172.195.7.194', 'default', 110, 1598225846, 9, 3, 3, '', 'Hi, I’m a new user on Kaplash!', 0, NULL, 0, 0, 0, 0, 1598139909, 1598139444),
(150, 'Ellina', '$2y$10$.JPX//5UlQuuL0DMEQmZvevSiqgN1oUKX.QQZG68h0tTsgsyGFGyG', 'ellinabatool@gmail.com', '2a00:23c7:fb1:b500:6137:b4d4:680d:6eda', 'default', 120, 1598398712, 0, 0, 0, '', 'Hi, I’m a new user on Kaplash!', 0, 1598141186, 0, 0, 0, 0, 1598313054, 1598141081),
(153, 'BlueMoon', '$2y$10$ul77h6H/gXGuYLMyl.5NxORUoqJSAupK6kEMclEsQwX00VO6XdSLG', 'jpaccjpoff@gmail.com', '74.111.121.216', 'default', 120, 1598967403, 0, 9, 7, 'Whats up?', 'Hi, I’m a new user on Kaplash!', 0, 1598146452, 0, 0, 0, 0, 1598881081, 1598145965),
(154, 'ModernArium', '$2y$10$HQ6rPq2mzthu6DT0t8iJgu.3LU2PN6DIYwNDpdHldZ6y8Ydb1m/oq', 'truthlygemini@gmail.com', '49.147.174.183', 'default', 110, 1598243160, 0, 0, 6, 'Aight, Imma head out.', 'Nothing personal.', 0, 1598158303, 0, 0, 0, 0, 1598158896, 1598156757),
(155, 'Soup', '$2y$10$S4da/YRbzuhcg35zHuULFOWZnyYmcwxStReMdY5QQZQ48zqr577oa', 'playzdavid59@gmail.com', '2a00:23c5:3a5b:7d01:b4ec:af2c:ba2d:4457', 'default', 130, 1598711155, 1, 8, 2007, '*********************', 'Hi, I’m a new user on Kaplash!', 0, 1598689919, 0, 0, 0, 0, 1598689904, 1598168094),
(157, 'Edge', '$2y$10$v37afayrS8Fjtr53yInMd.7LWWbryx4XP/r3hjZht/n5bOZruRKZS', 'undecised@gmail.com', '148.3.122.57', 'default', 140, 1598876714, 0, 0, 0, '', 'Hi, I’m a new user on Kaplash!', 0, 1598791102, 1, 0, 0, 0, 1598791154, 1598184512),
(158, 'ArkInfinity', '$2y$10$fBt3Sy/AV6ew4Sv9xY7CWuh7h5Aa3Luq1DA5U9GoD6YJqfi0JyLOa', 'admin@rampagestudios.org', '64.130.195.98', 'default', 120, 1598578254, 0, 0, 0, '', 'Hi, I’m a new user on Kaplash!', 0, NULL, 0, 0, 0, 0, 1598491874, 1598188746),
(159, 'superJP335', '$2y$10$iGzMnY31VW0Pp4zrU7MbZOj3xdyjXD62NbtfpaUXwPQZ22VRaNO0u', '', '104.251.37.3', 'default', 140, 1598880106, 2, 8, 1925, '', 'Hi, I’m a new user on Kaplash!', 0, NULL, 0, 0, 0, 0, 1598793716, 1598191143),
(160, 'Hungry', '$2y$10$5ceJhCUmUtxY.GCMdohlnuGp0jKra9KMdIJsioVUC9DPfKzXBcqFq', 'jeremy11036@gmail.com', '2600:6c44:5780:26:65e8:9b4b:fae1:efc8', 'default', 110, 1598280417, 0, 0, 88, '', 'Hi, I’m a new user on Kaplash!', 0, NULL, 0, 0, 0, 0, 1598194488, 1598194016),
(161, 'havemilk', '$2y$10$NtB.MSHYSb.lja3mBUwgDOaDqcOimWR0N74jpxpSZuDKCPqK94E6.', 'penis@gmail.com', '81.214.134.73', 'default', 110, 1598280607, 0, 0, 20, '( Content deleted by administrator )', 'Hi, I’m a new user on Kaplash!', 0, 1598194382, 0, 0, 0, 0, 1598194398, 1598194204),
(163, 'Kolroy', '$2y$10$4qVIzu0zCglPRBVDYRlHKOmbKx2.fyioRxUcJWgONJFENLg3JaDbm', 'kolroy@gmail.com', '73.57.233.199', 'default', 10, 1598285641, 0, 1, 999, '', 'Hi, I’m a new user on Kaplash!', 0, NULL, 0, 0, 0, 0, 1598200771, 1598199238),
(164, 'Kalbert.PNG', '$2y$10$4NYa1Tftm55.gwbjFGMNWe2mfKI6svQ5dfvzPvmsK1LHoW9Sh7JKq', 'ilovemoney6@outlook.com', '173.188.50.127', 'default', 10, 1598286326, 0, 0, 72, '', 'Hi, I’m a new user on Kaplash!', 0, NULL, 0, 0, 0, 0, 1598199964, 1598199923),
(165, 'Darwin', '$2y$10$PpG1yK2HRMLf3hNJp8ws8.aR6yvGVPfJ35qeFt.aBRQQsaRgkHvGS', 'darwinthekiller14@gmail.com', '5.152.79.222', 'default', 20, 1598881487, 0, 0, 6, '', 'Hi, I’m a new user on Kaplash!', 0, NULL, 0, 0, 0, 0, 1598872716, 1598201860),
(166, 'Robotics', '$2y$10$W4vhvDPaKtaeAHAcIC5Pi.pJFB.4OpzOEDVG0ucWy0Y3X19HmFBBu', 'dhyrbfyty@outlook.com', '98.29.48.250', 'default', 10, 1598290951, 0, 1, 20, '', 'Hi, I’m a new user on Kaplash!', 0, NULL, 0, 0, 0, 0, 1598204571, 1598204549),
(167, 'mrflimflam', '$2y$10$II6bhRY7.xFISS95h4MEXOT5hh9.O0Qjpy3bdB.NXsy3mUlAyM7Cq', 'aj312@Jermsmit.com', '73.112.85.216', 'default', 10, 1598291622, 0, 0, 0, 'KapIash', 'Hi, I’m a new user on Kaplash!', 0, 1598205272, 0, 0, 0, 0, 1598205265, 1598205221),
(168, 'KapIash', '$2y$10$A.rm9O26BpwkgHl8LmY.tefsVWOxhvSMORjNOQKhK./xjDSWiYyD2', 'zinedinpalav3ra@gmail.com', '73.112.85.216', '2327b32b24bfa65e179433de36018e45', 20, 1598739749, 0, 0, 0, 'im cool', 'Hi, I’m a new user on Kaplash!', 0, 1598654564, 0, 0, 0, 0, 1598657660, 1598205324),
(169, 'Deleted (169)', '$2y$10$ICEeN7YNC7Jv38ivpJhlR.bcpWEQmhXPLZEnHY3OB6eGqs4qqrhk6', '12345678@gmail.com', '2601:58b:c680:f970:c557:78a3:6170:70b8', 'default', 20, 1598738467, 0, 1, 20, '22', 'Hi, I’m a new user on Kaplash!', 0, 1598564694, 0, 0, 0, 0, 1598652092, 1598564644),
(170, 'snap', '$2y$10$JWmJF12KQktTzQDgM6VnxewyDMtSs4y5KAMcaM/XVtliovf2tmMCy', 'iceyman932@gmail.com', '2601:204:80:3270:1179:eb3e:d521:bb0', 'default', 20, 1598747843, 0, 6, 6, 'hello', 'Hi, I’m a new user on Kaplash!', 0, 1598661510, 0, 0, 0, 0, 1598740115, 1598568113),
(171, 'N00B', '$2y$10$y4.8ZDx2xihzrCK99/hDF.bgrE3l5tFwMNdfP9GLxlZbfySUHgVTa', '41mopaiv@gmail.com', '47.155.145.109', 'default', 10, 1598656037, 0, 7, 4, '', 'Hi, I’m a new user on Kaplash!', 0, NULL, 0, 0, 0, 0, 1598569673, 1598569635),
(172, 'wet', '$2y$10$71Yh7K4cMrDxXJR4MrYp6.zRw3Og3fEi4lwiHujTpccj.knrRsw.a', 'dnnsjsjsksjs@gmail.com', '50.81.205.255', 'default', 20, 1599084567, 9, 4, 8, '', 'Hi, I’m a new user on Kaplash!', 0, NULL, 0, 0, 0, 0, 1598998304, 1598570937),
(173, 'Xyrath', '$2y$10$z2Q4f81hJbGi4Z2kxwgsOeo.84Co9bj2.uilhyPCVsmlgH9fK2.xK', 'reece.j8adjei@gmail.com', '2a02:c7d:b908:ed00:d412:6702:4069:9c84', 'default', 10, 1598657783, 0, 0, 0, '', 'Hi, I’m a new user on Kaplash!', 0, NULL, 0, 0, 0, 0, 1598571526, 1598571381),
(174, 'InfoBlock', '$2y$10$YUwH2B0JUgbf2okdgRXn0uNruDSQVzrRof6iCw2YFNh9arWnLSWz2', 'infoblockrblx@gmail.com', '2003:c5:cf09:e3e9:15fb:7c27:51c2:f0eb', 'default', 40, 1599067286, 0, 1, 2, 'Mee6', 'What\'s up? ', 0, 1598859612, 0, 0, 0, 0, 1598980948, 1598571685),
(175, 'MEE6', '$2y$10$C479eP5Yrv1SLNNodSxPuuQluRLSh1gJ0NM8QWYipdm5dI19shfZO', 'infoblockgta@gmail.com', '2003:c5:cf09:e3e9:15fb:7c27:51c2:f0eb', 'default', 10, 1598658295, 0, 1, 2, '', 'I\'m Mr. MEE6, look at me! ', 0, NULL, 0, 0, 0, 0, 1598572070, 1598571892),
(176, 'Stravinsky', '$2y$10$yfu1NFZH9tFK5j1y2G0fJOmJRuyakuUqRJKyXgX8D5qnu00Pjyo0y', 'duckyfy21@gmail.com', '210.195.46.24', 'default', 20, 1598958103, 9, 9, 9, 'Hi ', 'Hi, I’m a new user on Kaplash!', 0, 1598871793, 0, 0, 0, 0, 1598872059, 1598573327),
(177, 'AmerAzmiRohazam123', '$2y$10$2Fz0WxSkSJxA/az7omsxW.W/z6KqCkjgb3QlqzAQtPC9yHG91yZha', 'chocolatevanillafentonlover@gmail.com', '2001:e68:5430:4635:5827:bfcc:9d7b:7aec', 'default', 10, 1598683711, 1, 30, 1993, '', 'Hi, I’m a new user on Kaplash!', 0, NULL, 0, 0, 0, 0, 1598597522, 1598597309),
(178, 'Juuldehoi', '$2y$10$BevGkpJtXSeh3F91Ifyo4e34d5P2dSjUtBytAu4g.zIZaQ7XLToVu', 'j.degroot0711@gmail.com', '195.35.249.162', 'default', 10, 1598689670, 0, 2, 4, 'Huts', 'Hi, I’m a new user on Kaplash!', 0, 1598603317, 0, 0, 0, 0, 1598603288, 1598603269),
(179, 'SanicGoesFast', '$2y$10$7yZmGftGcfghiH.q02yYoeewR1BEFkE0hEM1Q47ccd6ctRI6WJBWS', 'richi.griggi@gmail.com', '79.54.69.15', 'default', 20, 1598786762, 9, 6, 4, '', 'Hi, I’m a new user on Kaplash!', 0, NULL, 0, 0, 0, 0, 1598700402, 1598608900),
(180, 'J05', '$2y$10$EKpkSfK.68ZvNfa6FZRENe33qB1pGAinwId1thnueq4iYDScoGg.6', 'RobloxJ05@gmail.com', '2600:6c5d:4200:3247:a08f:5b0d:c12a:130', 'default', 30, 1599045309, 0, 6, 3, '', 'Hello, there I am J05', 0, 1598870128, 0, 0, 0, 0, 1598959000, 1598614024),
(181, 'speakerpro2', '$2y$10$ghY7s1avi42cMjaSgKzqN.ULnjZ11YG.vtnpU604VYotqeYcUTwey', 'speakerpro2yt@gmail.com', '73.179.168.8', 'default', 30, 1599059764, 0, 0, 0, 'hey', 'hello! My name is speakerpro2, and I am new here!\r\n\r\nmy user id is 181', 0, 1598615463, 0, 0, 0, 0, 1598973417, 1598615353),
(182, 'usernameeeeeeeeeeeee', '$2y$10$ncZ2aFvBVgVQ.aChJob5tuk1SHIY856l7Y9jsE5TaEEyk08iDCEFW', 'djejdjdndhsjsjei@gmail.com', '2.51.225.248', 'e9571aad80a43435e0db3f82b58ffb43', 10, 1598739866, 0, 3, 1, 'Oh no!', 'Hi, I’m a new user on Kaplash!', 0, 1598654442, 0, 0, 0, 0, 1598654490, 1598653463),
(183, 'RainbowDude', '$2y$10$C8s1BcgW1GTXGiegz.4jQ.qqEJbcwRRtIfcaimYbLdMOS1kuMEbVS', 'vinhson9908@gmail.com', '71.125.54.188', 'default', 20, 1599092601, 0, 0, 8, '', 'Hi, I’m a new user on Kaplash!', 0, 1598654637, 0, 0, 0, 0, 1599006271, 1598654565),
(184, 'Lord', '$2y$10$xQ7j6LWzkfAZN3VCOQ6zB.h1NWLZvQCVnCHv0Gy7g.fCp/AFWUEdi', 'LocalHouse2921@gmail.com', '2600:8804:1f81:4700:c9af:f9b5:5e49:d088', 'default', 10, 1598741770, 0, 0, 88, '', 'Hi, I’m a new user on Kaplash!', 0, NULL, 0, 0, 0, 0, 1598655370, 1598655369),
(185, 'GoogleChrome', '$2y$10$gdJqmfaRpZgF7b9RYN7KkOGS9T8NvF5OC1HIoTyInqhLE6npdxi8K', 'ihavealtemaildudeok@gmail.com', '99.227.4.13', 'default', 10, 1598742117, 0, 0, 69, '', 'Hi, I’m a new user on Kaplash!', 0, 1598655901, 0, 0, 0, 0, 1598658170, 1598655715),
(186, 'Zack', '$2y$10$GH/.FOrF7CrAxMM2tN6./uRQAG243x1DnWC0.mQ81BLzfaiz3RKPy', 'aydenr102@icloud.com', '67.80.33.82', 'default', 20, 1599096850, 0, 0, 97, 'original id: 18', 'Hi, I’m a new user on Kaplash!', 0, 1598661197, 0, 0, 0, 0, 1599010491, 1598661140),
(187, 'Apollo', '$2y$10$20sb6zrIRrkPurhDPfe4n.7P2cj3ajmvAsYMOh69i77A6rtKhJUoS', 'thegoldenaxe28@gmail.com', '2601:587:c100:11e0:e902:7248:87c6:27ce', '617555328174b910a49537b293b775b8', 20, 1599015365, 0, 6, 991, '', 'Hi I\'m Apollo aka. (AnimationPublisher)', 0, 1598929125, 0, 0, 0, 0, 1598929147, 1598664297),
(188, 'Sydney', '$2y$10$JwXp92NCaPqrQBiAmEosIOmV0putzeR9gZl.DciAkn80Zozd6mL2K', 'Sydney2981@yahoo.com', '2601:8b:4501:d9c0:4c43:750f:5e66:a09e', 'default', 10, 1598752263, 0, 5, 7, '', 'Hi, I’m a new user on Kaplash!', 0, NULL, 0, 0, 0, 0, 1598665863, 1598665861);
INSERT INTO `users` (`id`, `username`, `password`, `email`, `ip`, `avatar_hash`, `coins`, `next_reward`, `bday`, `bmonth`, `byear`, `status`, `description`, `email_verified`, `flood`, `administrator`, `premium`, `forumposts`, `profileviews`, `timelastseen`, `timeregistered`) VALUES
(189, 'Ruben', '$2y$10$OQ2mSdiypT2KQ7z95Vovl.PQfaiScaU.nVa4Qius.9YO/WtFbUdGW', 'msicko752@gmail.com', '213.44.107.207', '2c20ad0b67af02eca8906c3ecce271eb', 10, 1598783212, 0, 1, 981, '', 'Hi, I’m a new user on Kaplash!', 0, NULL, 0, 0, 0, 0, 1598711846, 1598696810),
(190, 'nez', '$2y$10$D1awvPlWcgjbtZ40GlEFYuArbovZC/F0YyPQ67zn7dblMRWXNQP8W', 'website.nez@gmail.com', '89.238.178.198', 'default', 10, 1598786273, 0, 1, 983, '', 'Hi, I’m a new user on Kaplash!', 0, NULL, 0, 0, 0, 0, 1598699885, 1598699871),
(191, 'ThatKyle', '$2y$10$SoSVu2j/Dw9zR.LiuKZN2ucGWN8UJNzHLJrZaDuC/MAelU5hsrqjC', 'thatkyle@flowinity.com', '175.158.216.1', 'e1a7ba9176d7162ea6ebe0807f5be1cd', 20, 1598921145, 0, 0, 7, 'poggers moment', 'Hi, I’m a new user on Kaplash!', 0, 1598701637, 0, 0, 0, 0, 1598834850, 1598701588),
(192, 'Goku', '$2y$10$tRyjyMP11QVSmCfiI6Mq5OqA.s4xN7m/HCKVndBEeEl6EKEAXu5wq', 'harunhassan111111@gmail.com', '79.71.178.160', 'default', 20, 1599034973, 0, 0, 20, '', 'why are you gae?\r\ndiscord: goku#0001', 0, 1598949612, 0, 0, 0, 0, 1598949597, 1598710578),
(193, 'dragonwastaken', '$2y$10$l6B7tbuPiW/GHrEqaRwO3OFSoFRX8616sPakNDIAlet6tCoCAflM6', 'rodrihermogenes@gmail.com', '90.75.199.39', 'default', 20, 1598987993, 9, 8, 5, '', 'Hi, I’m a new user on Kaplash!', 0, 1598716056, 0, 0, 0, 0, 1598901595, 1598715462),
(194, 'KAPOWWWW', '$2y$10$g9Jy1W.ZA3P8Oatz4uX6SO/mDMB1TCqd6gzKpmTbg0nJkGt2xlnzu', 'squadt606@gmail.com', '2601:47:4501:2ba0:4564:c07:28ee:49b7', 'default', 10, 1598804681, 0, 0, 2, 'KAPOW! indeed', 'Hi, I’m a new user on Kaplash!', 0, 1598718333, 0, 0, 0, 0, 1598756378, 1598718279),
(196, 'Pwned', '$2y$10$HCki40nvujJ47i1b1HorkuOsslyI7F2G.DfkR/FFcyaJc2pznEjF6', 'thesurfai08@gmail.com', '73.85.200.136', 'default', 10, 1598826451, 0, 0, 20, 'Hi, I\'m Pwned.', 'I\'d like to be the Shedletsky of Kaplash!\r\nIf you have any issues or need help, please contact support@kaplash.com!', 0, 1598743655, 0, 0, 0, 0, 1598819065, 1598740050),
(197, 'Book', '$2y$10$.1LFYPWDN1tgHu5WJMhHZ.0JRn5LV/Y6mlxBNpgC3/Ll6paB4L08S', 'thedragonofgoodness@gmail.com', '2a02:a446:32ac:1:995e:c997:c12f:537a', 'default', 10, 1598864839, 0, -19, 94, '', 'Hi, I’m a new user on Kaplash!', 0, NULL, 0, 0, 0, 0, 1598778457, 1598778436),
(198, 'notmetoo', '$2y$10$z6DnBzFRLDII2CDnFJrfSuvdik18WfQzhPqBXl46S7Ai8hxaEo4z.', 'danyal@vistora.xyz', '119.152.150.196', 'default', 20, 1598977497, 0, 0, 20, '', '( Content deleted by administrator )', 0, NULL, 0, 0, 0, 0, 1598891139, 1598781341),
(199, 'maximun16', '$2y$10$pqt6MlMOP3AZgT4kGeK/1eaN5eYI6NKK0NTBGZxg9Lg66yyfknfu6', 'maxdlucky08@gmail.com', '173.80.16.97', 'default', 10, 1598892687, 0, 6, 7, '', 'Hi, I’m a new user on Kaplash!', 0, 1598884073, 0, 0, 0, 0, 1598884275, 1598806286),
(200, 'Reflex', '$2y$10$ZcdICQQ3q/gD6aQ0zZhTE.ZJKceZBcg4zGkTAYZzLcrFlxXPtJ8DC', 'Jack.h.voorhees@gmail.com', '2601:445:8200:2430:4c31:e65c:f552:fd91', 'default', 10, 1598918138, 0, 0, 5, '', 'Hi, I’m a new user on Kaplash!', 0, NULL, 0, 0, 0, 0, 1598831825, 1598831737),
(201, 'Adnomix', '$2y$10$2k5XH1r1VOLRaEViLRMq2uB1GaG5mJqxVaj9QGSwlfv8GfK.OpJ1m', 'd74018627@gmail.com', '2603:3016:29e:4000:c44a:db6a:16e0:7059', '3fffbe41a420a4537b5a768994e2bbd4', 20, 1599017013, 0, 1, 0, '', 'Hi, I’m a new user on Kaplash!', 0, NULL, 0, 0, 0, 0, 1598979987, 1598831891),
(202, 'Deleted (202)', '$2y$10$0vYGdtBUmdVRUCjddt1rK.QmIVOsqjxtIEZWBBgqtHMxjYgd2h9tK', 'test@gmail.com', '147.253.242.156', 'default', 10, 1598918951, 0, 0, 20, '', '( Content deleted by administrator )', 0, NULL, 0, 0, 0, 0, 1598832595, 1598832549),
(203, 'Noah', '$2y$10$oZ5pSxgGQ0PJOiTSTAFK4OmhP.rT5afq02vnVqMGfEqE1yL8D2HqK', '44645@student.southeastpolk.org', '2604:2d80:5f02:be00:946c:1c84:f117:1984', 'default', 10, 1598936248, 2, 23, 2001, '', 'Hi, I’m a new user on Kaplash!', 0, NULL, 0, 0, 0, 0, 1598850984, 1598849846),
(204, 'User', '$2y$10$uj.8SofshXJqsAL77LfG7.MHdjREtY6yEnfMQutwS1GAPViEI1iga', 'redrunningstone@gmail.com', '2001:8003:4312:df00:15de:c80e:d044:d19', 'default', 10, 1598958095, 0, 2, 8, '', '43:3:/34 2(3; 5(3 #7; &3”” 975 9& 5(3 #’6?', 0, 1598871842, 0, 0, 0, 0, 1598926799, 1598871694),
(205, 'StickMasterDuke', '$2y$10$.8Rg5YfQbvlPFCcA3Cl4yulgZoSrN/oXF5waJ9bCxBc5tXRe.vN0e', 'manitsoasis35@gmail.com', '209.58.142.154', 'default', 10, 1598967600, 0, 0, 20, '', 'Hi, I’m a new user on Kaplash!', 0, NULL, 0, 0, 0, 0, 1598881233, 1598881199),
(206, 'Keemas', '$2y$10$.wkyDpdvDZDMzqA5O4z6XeL.58EJ4v7Ff31/EZJFjzg6ofLHfzuGO', 'minihawkins222@gmail.com', '87.74.8.171', 'default', 10, 1598970809, 0, 7, 2020, '', 'Hi, I’m a new user on Kaplash!', 0, NULL, 0, 0, 0, 0, 1598884455, 1598884408),
(207, 'Yes', '$2y$10$V1dQIrpXL54lBGLk264VTOJVc30TC4E8PSlHbNYn3eSKOrb/Xk/Ku', 'minihawkins22@gmail.com', '87.74.8.171', 'default', 10, 1598970930, 3, 4, 1983, '', 'Hi, I’m a new user on Kaplash!', 0, NULL, 0, 0, 0, 0, 1598884542, 1598884529),
(208, 'water', '$2y$10$QwUnDwEvP3mf.n1w98NTIus7GEDdgisH8TM66Bx19y47Fzp1fCM8e', 'will.spreitzer@icloud.com', '2604:3d09:a17f:f915:7c86:e248:3a7b:b125', 'default', 10, 1598988416, 0, 0, 8, '', 'Hi, I’m a new user on Kaplash!', 0, NULL, 0, 0, 0, 0, 1598902192, 1598902015),
(209, 'TESTACCOUNT', '$2y$10$7AVoI2JlmGsYKY/tZngWUOXp9Q3Nydy8j3Ncfyzwfo9gP/SWoyPYu', 'TEST@GUEST.COM', '2606:a000:8684:6000:9a8:4b32:9397:b896', '6feb722f6a831aaac66ae4c6b5138b98', 10, 1598990842, 0, 0, 20, '', 'Hi, I’m a new user on Kaplash!', 0, NULL, 0, 0, 0, 0, 1598904736, 1598904441),
(210, 'aaa', '$2y$10$Ef/DS4F5WdoF8.Ro8CZ46eVzqNY8l9gB77yTXRalC2TgyjB1s94QO', 'FruitD1000@gmail.com', '2600:1700:8d00:4f10:607e:25ee:28c0:5c70', 'default', 10, 1598993830, 0, 5, 2, '', 'where am i', 0, NULL, 0, 0, 0, 0, 1598907503, 1598907429),
(211, 'Time', '$2y$10$y/Tzm9vVuhV5elCSmL5ZWuoV9iH0AtDYSIOcPRLyG..F86RAbdo16', 'verrierverrian@gmail.com', '2001:8003:4312:df00:15de:c80e:d044:d19', '58bbe579c2ba3688a0707c348351fc23', 10, 1599012775, 9, 9, 9, '', 'Hi, I’m a new user on Kaplash!', 0, NULL, 0, 0, 0, 0, 1598926472, 1598926373),
(212, 'ReconEvacuate', '$2y$10$SW1dl8JQ9JqmGBBZiCNGLeWpqGaqXTfYqByuuu8won1eiBn6E7hRK', 'assortedbowser3@gmail.com', '2601:41:c102:59a7:e4d2:1fab:435:e21f', 'default', 10, 1599015257, 0, 3, 8, 'Very Epic', 'Hi, I’m a new user on Kaplash!', 0, 1598929677, 0, 0, 0, 0, 1598929664, 1598928856),
(213, 'Tool', '$2y$10$TDWzy00Xn/zIqmIjptGvP.r0ZBiZWKbN6TCG.dFsy.2A3Gr3J2aHu', 'synpawla@hotmail.com', '2603:3016:29e:4000:d1b8:f6a4:eb8c:d20e', 'default', 10, 1599017492, 0, 2, 0, '', 'Hi, I’m a new user on Kaplash!', 0, NULL, 0, 0, 0, 0, 1598931148, 1598931091),
(214, 'Player', '$2y$10$7HXNR6FwOPa/uHs5DglaoOgyPo5/kwDsQku3/07HhBGg7vZeRZt0i', 'jaxonferrero1@gmail.com', '2601:640:c280:3b40:5d40:868:ccdb:3377', 'default', 10, 1599076658, 1, 18, 2002, '', 'i am not person!!!1', 0, 1598991176, 0, 0, 0, 0, 1598991161, 1598990257),
(215, 'Red', '$2y$10$EF3M7W/jlthHnn4l7L3gfei9UYwsBQr3QlRFWUnbwXpw1xc.TlQT2', 'raysontolenoa0231@gmail.com', '2601:601:1700:6fb0:14c1:c95a:4945:678f', 'default', 10, 1599090767, 0, 0, 0, '', 'Hi, I’m a new user on Kaplash!', 0, 1599006557, 0, 0, 0, 0, 1599006754, 1599004366),
(216, 'God', '$2y$10$2Gba5I/SDi8YqvhFUZgZg.gq.WR9cfhi6BQRLWphu04wGimGQYlyK', 'Fettymarrow@gmail.com', '74.111.112.106', 'a267eaf84cc31555fc33c5df71cf40af', 10, 1599091826, 0, 1, 994, '', 'yeah im god its me', 0, 1599005522, 0, 0, 0, 0, 1599006119, 1599005424),
(217, 'T0D', '$2y$10$8zhvPtwsqDAKE0t6zVc6Ze0mC3nzW22pnuouNvQYIgRYEpxwwR.cu', 'plzhelpicantlogin54@gmail.com', '2600:6c5e:d7f:f76f:881e:fddb:ecef:92f5', 'default', 10, 1599092733, 0, 5, 993, 'this straight up looks like brick planet', 'Hi, I’m a new user on Kaplash!', 0, 1599006491, 0, 0, 0, 0, 1599006708, 1599006331),
(218, 'Nium', '$2y$10$gaIXj5OzOJqEmcDH9OZYl.x6M0AfBLXnpqwojG/RBVD9zDCC1X9Ge', 'mbkpresident233@gmail.com', '112.206.4.227', 'default', 10, 1599093089, 0, 0, 9, 'Lol', '**************************************', 0, 1599006996, 0, 0, 0, 0, 1599018946, 1599006688),
(219, 'VSD', '$2y$10$xfatUdYBvwmTID7bE.rZ9.ltvHYtfILF79hW61xY2/2oFI882UbCi', 'albertafilbert@gmail.com', '36.71.239.155', 'default', 10, 1599093140, 0, 7, 4, 'hi', 'VSD is cool', 0, 1599009616, 0, 0, 0, 0, 1599023077, 1599006738),
(220, 'Hell', '$2y$10$M7sEjj8AF1mNVrhU3/glGOytBH4MUYmJqbtjdYB3T..oraPw8EBE6', 'jacksongerman101@gmail.com', '66.169.36.39', 'default', 10, 1599093604, 9, 3, 9, '', 'Hi, I’m a new user on Kaplash!', 0, NULL, 0, 0, 0, 0, 1599007217, 1599007203),
(221, 'Dream', '$2y$10$kk39jQlXLKQVEDRs2ySzzeFUkAH7n9n7QJOHKu08RNlJVDK.WX63W', 'cripsysocoolyes@gmail.com', '36.71.239.155', 'default', 10, 1599094202, 0, 8, 5, '', 'I\'m Dream', 0, NULL, 0, 0, 0, 0, 1599009342, 1599007801),
(222, '777', '$2y$10$FPDRkIJWDAJZj943HbXGGuI6xdyJvzwADrje2vSYE60bLk9tfyE9u', 'jamesjemiar@gmail.com', '36.71.239.155', 'default', 10, 1599094336, 0, 1, 5, '', 'Hi I\'m 777', 0, NULL, 0, 0, 0, 0, 1599009281, 1599007934),
(223, 'YSN', '$2y$10$g3.NPNLvwUC.cwTxaqoWJeu8xyiC9zOci5/GHOVYBOEGgQeiQzIVK', 'snoozybambooly@gmail.com', '216.200.63.50', 'default', 10, 1599095312, 0, 0, 3, '', 'Hi, I’m a new user on Kaplash!', 0, 1599010895, 0, 0, 0, 0, 1599010881, 1599008910),
(224, 'Evilalex', '$2y$10$.fEuOqh5LPhc90LkeveaYe4sqKgnowj3..E8X9yobCcezcbk2QD7K', 'a.arreolagarcia@gmail.com', '2601:202:100:5900:1c03:af4:264:4453', 'default', 10, 1599095516, 0, 0, 0, '', 'Hi, I’m a new user on Kaplash!', 0, 1599017164, 0, 0, 0, 0, 1599017149, 1599009114);

-- --------------------------------------------------------

--
-- Table structure for table `user_bans`
--

CREATE TABLE `user_bans` (
  `id` int NOT NULL,
  `user` int NOT NULL,
  `admin` int NOT NULL,
  `reason` varchar(250) DEFAULT NULL,
  `moderator_note` varchar(250) DEFAULT NULL,
  `ban_time` int DEFAULT NULL,
  `ban_when` int DEFAULT NULL,
  `expired` tinyint(1) NOT NULL DEFAULT '0'
) ENGINE=InnoDB DEFAULT CHARSET=latin1;

--
-- Dumping data for table `user_bans`
--

INSERT INTO `user_bans` (`id`, `user`, `admin`, `reason`, `moderator_note`, `ban_time`, `ban_when`, `expired`) VALUES
(6, 202, 4, 'Test account', NULL, 2147483647, 1598832665, 0);

-- --------------------------------------------------------

--
-- Table structure for table `user_colors`
--

CREATE TABLE `user_colors` (
  `id` int NOT NULL,
  `user` int DEFAULT NULL,
  `head` varchar(11) DEFAULT '0.723055, 0.791298, 0.806952',
  `torso` varchar(11) DEFAULT '0.723055, 0.791298, 0.806952',
  `left_arm` varchar(11) DEFAULT '0.723055, 0.791298, 0.806952',
  `right_arm` varchar(11) DEFAULT '0.723055, 0.791298, 0.806952',
  `left_leg` varchar(11) DEFAULT '0.723055, 0.791298, 0.806952',
  `right_leg` varchar(11) DEFAULT '0.723055, 0.791298, 0.806952'
) ENGINE=InnoDB DEFAULT CHARSET=latin1;

--
-- Dumping data for table `user_colors`
--

INSERT INTO `user_colors` (`id`, `user`, `head`, `torso`, `left_arm`, `right_arm`, `left_leg`, `right_leg`) VALUES
(1, 1, NULL, NULL, NULL, NULL, NULL, NULL),
(2, 2, NULL, NULL, NULL, NULL, NULL, NULL),
(3, 3, 'FFFFFF', 'FFFFFF', 'FFFFFF', 'FFFFFF', NULL, NULL),
(4, 4, NULL, NULL, NULL, NULL, NULL, NULL),
(5, 5, NULL, NULL, NULL, NULL, NULL, NULL),
(6, 6, NULL, NULL, NULL, NULL, NULL, NULL),
(7, 7, NULL, NULL, NULL, NULL, NULL, NULL),
(8, 8, NULL, NULL, NULL, NULL, NULL, NULL),
(9, 9, NULL, NULL, NULL, NULL, NULL, NULL),
(10, 10, NULL, NULL, NULL, NULL, NULL, NULL),
(11, 11, NULL, NULL, NULL, NULL, NULL, NULL),
(13, 13, NULL, NULL, NULL, NULL, NULL, NULL),
(14, 14, NULL, NULL, NULL, NULL, NULL, NULL),
(15, 15, NULL, NULL, NULL, NULL, NULL, NULL),
(16, 16, NULL, NULL, NULL, NULL, NULL, NULL),
(17, 17, NULL, NULL, NULL, NULL, NULL, NULL),
(18, 18, NULL, NULL, NULL, NULL, NULL, NULL),
(19, 19, NULL, NULL, NULL, NULL, NULL, NULL),
(20, 20, NULL, NULL, NULL, NULL, NULL, NULL),
(21, 21, NULL, NULL, NULL, NULL, NULL, NULL),
(22, 22, NULL, NULL, NULL, NULL, NULL, NULL),
(23, 23, NULL, NULL, NULL, NULL, NULL, NULL),
(24, 24, NULL, NULL, NULL, NULL, NULL, NULL),
(25, 25, NULL, NULL, NULL, NULL, NULL, NULL),
(26, 26, NULL, NULL, NULL, NULL, NULL, NULL),
(27, 27, NULL, NULL, NULL, NULL, NULL, NULL),
(28, 28, NULL, NULL, NULL, NULL, NULL, NULL),
(29, 29, NULL, NULL, NULL, NULL, NULL, NULL),
(30, 30, NULL, NULL, NULL, NULL, NULL, NULL),
(31, 31, NULL, NULL, NULL, NULL, NULL, NULL),
(32, 32, NULL, NULL, NULL, NULL, NULL, NULL),
(33, 33, NULL, NULL, NULL, NULL, NULL, NULL),
(34, 34, NULL, NULL, NULL, NULL, NULL, NULL),
(35, 35, NULL, NULL, NULL, NULL, NULL, NULL),
(36, 36, NULL, NULL, NULL, NULL, NULL, NULL),
(37, 37, NULL, NULL, NULL, NULL, NULL, NULL),
(38, 38, NULL, NULL, NULL, NULL, NULL, NULL),
(39, 39, NULL, NULL, NULL, NULL, NULL, NULL),
(40, 40, NULL, NULL, NULL, NULL, NULL, NULL),
(41, 41, NULL, NULL, NULL, NULL, NULL, NULL),
(42, 42, NULL, NULL, NULL, NULL, NULL, NULL),
(43, 43, NULL, NULL, NULL, NULL, NULL, NULL),
(44, 44, NULL, NULL, NULL, NULL, NULL, NULL),
(45, 45, NULL, NULL, NULL, NULL, NULL, NULL),
(46, 46, NULL, NULL, NULL, NULL, NULL, NULL),
(47, 47, NULL, NULL, NULL, NULL, NULL, NULL),
(48, 48, NULL, NULL, NULL, NULL, NULL, NULL),
(49, 49, NULL, NULL, NULL, NULL, NULL, NULL),
(50, 50, NULL, NULL, NULL, NULL, NULL, NULL),
(51, 51, NULL, NULL, NULL, NULL, NULL, NULL),
(52, 52, NULL, NULL, NULL, NULL, NULL, NULL),
(53, 53, NULL, NULL, NULL, NULL, NULL, NULL),
(54, 54, NULL, NULL, NULL, NULL, NULL, NULL),
(55, 55, NULL, NULL, NULL, NULL, NULL, NULL),
(56, 56, NULL, NULL, NULL, NULL, NULL, NULL),
(57, 57, 'FFFFFF', 'FFFFFF', 'FFFFFF', 'FFFFFF', 'FFFFFF', 'FFFFFF'),
(58, 58, 'FFFFFF', 'FFFFFF', 'FFFFFF', 'FFFFFF', 'FFFFFF', 'FFFFFF'),
(59, 59, 'FFFFFF', 'FFFFFF', 'FFFFFF', 'FFFFFF', 'FFFFFF', 'FFFFFF'),
(60, 60, 'FFFFFF', 'FFFFFF', 'FFFFFF', 'FFFFFF', 'FFFFFF', 'FFFFFF'),
(61, 61, 'FFFFFF', 'FFFFFF', 'FFFFFF', 'FFFFFF', 'FFFFFF', 'FFFFFF'),
(62, 62, 'FFFFFF', 'FFFFFF', 'FFFFFF', 'FFFFFF', 'FFFFFF', 'FFFFFF'),
(63, 63, 'FFFFFF', 'FFFFFF', 'FFFFFF', 'FFFFFF', 'FFFFFF', 'FFFFFF'),
(64, 64, 'FFFFFF', 'FFFFFF', 'FFFFFF', 'FFFFFF', 'FFFFFF', 'FFFFFF'),
(65, 65, 'FFFFFF', 'FFFFFF', 'FFFFFF', 'FFFFFF', 'FFFFFF', 'FFFFFF'),
(66, 66, 'FFFFFF', 'FFFFFF', 'FFFFFF', 'FFFFFF', 'FFFFFF', 'FFFFFF'),
(67, 67, 'FFFFFF', 'FFFFFF', 'FFFFFF', 'FFFFFF', 'FFFFFF', 'FFFFFF'),
(68, 68, 'FFFFFF', 'FFFFFF', 'FFFFFF', 'FFFFFF', 'FFFFFF', 'FFFFFF'),
(69, 69, 'FFFFFF', 'FFFFFF', 'FFFFFF', 'FFFFFF', 'FFFFFF', 'FFFFFF'),
(70, 70, 'FFFFFF', 'FFFFFF', 'FFFFFF', 'FFFFFF', 'FFFFFF', 'FFFFFF'),
(71, 71, 'FFFFFF', 'FFFFFF', 'FFFFFF', 'FFFFFF', 'FFFFFF', 'FFFFFF'),
(72, 72, 'FFFFFF', 'FFFFFF', 'FFFFFF', 'FFFFFF', 'FFFFFF', 'FFFFFF'),
(73, 73, 'FFFFFF', 'FFFFFF', 'FFFFFF', 'FFFFFF', 'FFFFFF', 'FFFFFF'),
(74, 74, 'FFFFFF', 'FFFFFF', 'FFFFFF', 'FFFFFF', 'FFFFFF', 'FFFFFF'),
(75, 75, 'FFFFFF', 'FFFFFF', 'FFFFFF', 'FFFFFF', 'FFFFFF', 'FFFFFF'),
(76, 76, 'FFFFFF', 'FFFFFF', 'FFFFFF', 'FFFFFF', 'FFFFFF', 'FFFFFF'),
(77, 77, 'FFFFFF', 'FFFFFF', 'FFFFFF', 'FFFFFF', 'FFFFFF', 'FFFFFF'),
(78, 78, 'FFFFFF', 'FFFFFF', 'FFFFFF', 'FFFFFF', 'FFFFFF', 'FFFFFF'),
(79, 79, 'FFFFFF', 'FFFFFF', 'FFFFFF', 'FFFFFF', 'FFFFFF', 'FFFFFF'),
(80, 80, 'FFFFFF', 'FFFFFF', 'FFFFFF', 'FFFFFF', 'FFFFFF', 'FFFFFF'),
(81, 81, 'FFFFFF', 'FFFFFF', 'FFFFFF', 'FFFFFF', 'FFFFFF', 'FFFFFF'),
(82, 82, 'FFFFFF', 'FFFFFF', 'FFFFFF', 'FFFFFF', 'FFFFFF', 'FFFFFF'),
(83, 83, 'FFFFFF', 'FFFFFF', 'FFFFFF', 'FFFFFF', 'FFFFFF', 'FFFFFF'),
(84, 84, 'FFFFFF', 'FFFFFF', 'FFFFFF', 'FFFFFF', 'FFFFFF', 'FFFFFF'),
(85, 85, 'FFFFFF', 'FFFFFF', 'FFFFFF', 'FFFFFF', 'FFFFFF', 'FFFFFF'),
(86, 86, 'FFFFFF', 'FFFFFF', 'FFFFFF', 'FFFFFF', 'FFFFFF', 'FFFFFF'),
(87, 87, 'FFFFFF', 'FFFFFF', 'FFFFFF', 'FFFFFF', 'FFFFFF', 'FFFFFF'),
(88, 88, 'FFFFFF', 'FFFFFF', 'FFFFFF', 'FFFFFF', 'FFFFFF', 'FFFFFF'),
(89, 89, 'FFFFFF', 'FFFFFF', 'FFFFFF', 'FFFFFF', 'FFFFFF', 'FFFFFF'),
(90, 90, 'FFFFFF', 'FFFFFF', 'FFFFFF', 'FFFFFF', 'FFFFFF', 'FFFFFF'),
(91, 91, 'FFFFFF', 'FFFFFF', 'FFFFFF', 'FFFFFF', 'FFFFFF', 'FFFFFF'),
(92, 92, 'FFFFFF', 'FFFFFF', 'FFFFFF', 'FFFFFF', 'FFFFFF', 'FFFFFF'),
(93, 93, 'FFFFFF', 'FFFFFF', 'FFFFFF', 'FFFFFF', 'FFFFFF', 'FFFFFF'),
(94, 94, 'FFFFFF', 'FFFFFF', 'FFFFFF', 'FFFFFF', 'FFFFFF', 'FFFFFF'),
(95, 95, 'FFFFFF', 'FFFFFF', 'FFFFFF', 'FFFFFF', 'FFFFFF', 'FFFFFF'),
(96, 96, 'FFFFFF', 'FFFFFF', 'FFFFFF', 'FFFFFF', 'FFFFFF', 'FFFFFF'),
(97, 97, 'FFFFFF', 'FFFFFF', 'FFFFFF', 'FFFFFF', 'FFFFFF', 'FFFFFF'),
(98, 98, 'FFFFFF', 'FFFFFF', 'FFFFFF', 'FFFFFF', 'FFFFFF', 'FFFFFF'),
(99, 99, 'FFFFFF', 'FFFFFF', 'FFFFFF', 'FFFFFF', 'FFFFFF', 'FFFFFF'),
(100, 100, 'FFFFFF', 'FFFFFF', 'FFFFFF', 'FFFFFF', 'FFFFFF', 'FFFFFF'),
(101, 101, 'FFFFFF', 'FFFFFF', 'FFFFFF', 'FFFFFF', 'FFFFFF', 'FFFFFF'),
(102, 102, 'FFFFFF', 'FFFFFF', 'FFFFFF', 'FFFFFF', 'FFFFFF', 'FFFFFF'),
(103, 103, 'FFFFFF', 'FFFFFF', 'FFFFFF', 'FFFFFF', 'FFFFFF', 'FFFFFF'),
(104, 104, 'FFFFFF', 'FFFFFF', 'FFFFFF', 'FFFFFF', 'FFFFFF', 'FFFFFF'),
(105, 105, 'FFFFFF', 'FFFFFF', 'FFFFFF', 'FFFFFF', 'FFFFFF', 'FFFFFF'),
(106, 106, 'FFFFFF', 'FFFFFF', 'FFFFFF', 'FFFFFF', 'FFFFFF', 'FFFFFF'),
(107, 107, 'FFFFFF', 'FFFFFF', 'FFFFFF', 'FFFFFF', 'FFFFFF', 'FFFFFF'),
(108, 108, 'FFFFFF', 'FFFFFF', 'FFFFFF', 'FFFFFF', 'FFFFFF', 'FFFFFF'),
(109, 109, 'FFFFFF', 'FFFFFF', 'FFFFFF', 'FFFFFF', 'FFFFFF', 'FFFFFF'),
(110, 110, 'FFFFFF', 'FFFFFF', 'FFFFFF', 'FFFFFF', 'FFFFFF', 'FFFFFF'),
(111, 111, 'FFFFFF', 'FFFFFF', 'FFFFFF', 'FFFFFF', 'FFFFFF', 'FFFFFF'),
(112, 112, 'FFFFFF', 'FFFFFF', 'FFFFFF', 'FFFFFF', 'FFFFFF', 'FFFFFF'),
(113, 113, 'FFFFFF', 'FFFFFF', 'FFFFFF', 'FFFFFF', 'FFFFFF', 'FFFFFF'),
(114, 114, 'FFFFFF', 'FFFFFF', 'FFFFFF', 'FFFFFF', 'FFFFFF', 'FFFFFF'),
(115, 115, 'FFFFFF', 'FFFFFF', 'FFFFFF', 'FFFFFF', 'FFFFFF', 'FFFFFF'),
(116, 116, 'FFFFFF', 'FFFFFF', 'FFFFFF', 'FFFFFF', 'FFFFFF', 'FFFFFF'),
(117, 117, 'FFFFFF', 'FFFFFF', 'FFFFFF', 'FFFFFF', 'FFFFFF', 'FFFFFF'),
(118, 118, 'FFFFFF', 'FFFFFF', 'FFFFFF', 'FFFFFF', 'FFFFFF', 'FFFFFF'),
(119, 119, 'FFFFFF', 'FFFFFF', 'FFFFFF', 'FFFFFF', 'FFFFFF', 'FFFFFF'),
(120, 120, 'FFFFFF', 'FFFFFF', 'FFFFFF', 'FFFFFF', 'FFFFFF', 'FFFFFF'),
(121, 121, 'FFFFFF', 'FFFFFF', 'FFFFFF', 'FFFFFF', 'FFFFFF', 'FFFFFF'),
(122, 122, 'FFFFFF', 'FFFFFF', 'FFFFFF', 'FFFFFF', 'FFFFFF', 'FFFFFF'),
(123, 123, 'FFFFFF', 'FFFFFF', 'FFFFFF', 'FFFFFF', 'FFFFFF', 'FFFFFF'),
(124, 124, 'FFFFFF', 'FFFFFF', 'FFFFFF', 'FFFFFF', 'FFFFFF', 'FFFFFF'),
(125, 125, 'FFFFFF', 'FFFFFF', 'FFFFFF', 'FFFFFF', 'FFFFFF', 'FFFFFF'),
(126, 126, 'FFFFFF', 'FFFFFF', 'FFFFFF', 'FFFFFF', 'FFFFFF', 'FFFFFF'),
(127, 127, 'FFFFFF', 'FFFFFF', 'FFFFFF', 'FFFFFF', 'FFFFFF', 'FFFFFF'),
(128, 128, 'FFFFFF', 'FFFFFF', 'FFFFFF', 'FFFFFF', 'FFFFFF', 'FFFFFF'),
(129, 129, 'FFFFFF', 'FFFFFF', 'FFFFFF', 'FFFFFF', 'FFFFFF', 'FFFFFF'),
(130, 130, 'FFFFFF', 'FFFFFF', 'FFFFFF', 'FFFFFF', 'FFFFFF', 'FFFFFF'),
(131, 131, 'FFFFFF', 'FFFFFF', 'FFFFFF', 'FFFFFF', 'FFFFFF', 'FFFFFF'),
(132, 132, 'FFFFFF', 'FFFFFF', 'FFFFFF', 'FFFFFF', 'FFFFFF', 'FFFFFF'),
(133, 133, 'FFFFFF', 'FFFFFF', 'FFFFFF', 'FFFFFF', 'FFFFFF', 'FFFFFF'),
(134, 134, 'FFFFFF', 'FFFFFF', 'FFFFFF', 'FFFFFF', 'FFFFFF', 'FFFFFF'),
(135, 135, 'FFFFFF', 'FFFFFF', 'FFFFFF', 'FFFFFF', 'FFFFFF', 'FFFFFF'),
(136, 136, 'FFFFFF', 'FFFFFF', 'FFFFFF', 'FFFFFF', 'FFFFFF', 'FFFFFF'),
(137, 137, 'FFFFFF', 'FFFFFF', 'FFFFFF', 'FFFFFF', 'FFFFFF', 'FFFFFF'),
(138, 138, 'FFFFFF', 'FFFFFF', 'FFFFFF', 'FFFFFF', 'FFFFFF', 'FFFFFF'),
(139, 139, 'FFFFFF', 'FFFFFF', 'FFFFFF', 'FFFFFF', 'FFFFFF', 'FFFFFF'),
(140, 140, 'FFFFFF', 'FFFFFF', 'FFFFFF', 'FFFFFF', 'FFFFFF', 'FFFFFF'),
(141, 141, 'FFFFFF', 'FFFFFF', 'FFFFFF', 'FFFFFF', 'FFFFFF', 'FFFFFF'),
(142, 142, 'FFFFFF', 'FFFFFF', 'FFFFFF', 'FFFFFF', 'FFFFFF', 'FFFFFF'),
(143, 143, 'FFFFFF', 'FFFFFF', 'FFFFFF', 'FFFFFF', 'FFFFFF', 'FFFFFF'),
(144, 144, 'FFFFFF', 'FFFFFF', 'FFFFFF', 'FFFFFF', 'FFFFFF', 'FFFFFF'),
(145, 145, 'FFFFFF', 'FFFFFF', 'FFFFFF', 'FFFFFF', 'FFFFFF', 'FFFFFF'),
(146, 146, 'FFFFFF', 'FFFFFF', 'FFFFFF', 'FFFFFF', 'FFFFFF', 'FFFFFF'),
(147, 147, 'FFFFFF', 'FFFFFF', 'FFFFFF', 'FFFFFF', 'FFFFFF', 'FFFFFF'),
(148, 148, 'FFFFFF', 'FFFFFF', 'FFFFFF', 'FFFFFF', 'FFFFFF', 'FFFFFF'),
(149, 149, 'FFFFFF', 'FFFFFF', 'FFFFFF', 'FFFFFF', 'FFFFFF', 'FFFFFF'),
(150, 150, 'FFFFFF', 'FFFFFF', 'FFFFFF', 'FFFFFF', 'FFFFFF', 'FFFFFF'),
(151, 151, 'FFFFFF', 'FFFFFF', 'FFFFFF', 'FFFFFF', 'FFFFFF', 'FFFFFF'),
(152, 152, 'FFFFFF', 'FFFFFF', 'FFFFFF', 'FFFFFF', 'FFFFFF', 'FFFFFF'),
(153, 153, 'FFFFFF', 'FFFFFF', 'FFFFFF', 'FFFFFF', 'FFFFFF', 'FFFFFF'),
(154, 154, 'FFFFFF', 'FFFFFF', 'FFFFFF', 'FFFFFF', 'FFFFFF', 'FFFFFF'),
(155, 155, 'FFFFFF', 'FFFFFF', 'FFFFFF', 'FFFFFF', 'FFFFFF', 'FFFFFF'),
(156, 156, 'FFFFFF', 'FFFFFF', 'FFFFFF', 'FFFFFF', 'FFFFFF', 'FFFFFF'),
(157, 157, 'FFFFFF', 'FFFFFF', 'FFFFFF', 'FFFFFF', 'FFFFFF', 'FFFFFF'),
(158, 158, 'FFFFFF', 'FFFFFF', 'FFFFFF', 'FFFFFF', 'FFFFFF', 'FFFFFF'),
(159, 159, 'FFFFFF', 'FFFFFF', 'FFFFFF', 'FFFFFF', 'FFFFFF', 'FFFFFF'),
(160, 160, 'FFFFFF', 'FFFFFF', 'FFFFFF', 'FFFFFF', 'FFFFFF', 'FFFFFF'),
(161, 161, 'FFFFFF', 'FFFFFF', 'FFFFFF', 'FFFFFF', 'FFFFFF', 'FFFFFF'),
(162, 162, 'FFFFFF', 'FFFFFF', 'FFFFFF', 'FFFFFF', 'FFFFFF', 'FFFFFF'),
(163, 163, 'FFFFFF', 'FFFFFF', 'FFFFFF', 'FFFFFF', 'FFFFFF', 'FFFFFF'),
(164, 164, 'FFFFFF', 'FFFFFF', 'FFFFFF', 'FFFFFF', 'FFFFFF', 'FFFFFF'),
(165, 165, 'FFFFFF', 'FFFFFF', 'FFFFFF', 'FFFFFF', 'FFFFFF', 'FFFFFF'),
(166, 166, 'FFFFFF', 'FFFFFF', 'FFFFFF', 'FFFFFF', 'FFFFFF', 'FFFFFF'),
(167, 167, 'FFFFFF', 'FFFFFF', 'FFFFFF', 'FFFFFF', 'FFFFFF', 'FFFFFF'),
(168, 168, 'FFFFFF', 'FFFFFF', 'FFFFFF', 'FFFFFF', 'FFFFFF', 'FFFFFF'),
(169, 169, 'FFFFFF', 'FFFFFF', 'FFFFFF', 'FFFFFF', 'FFFFFF', 'FFFFFF'),
(170, 170, 'FFFFFF', 'FFFFFF', 'FFFFFF', 'FFFFFF', 'FFFFFF', 'FFFFFF'),
(171, 171, 'FFFFFF', 'FFFFFF', 'FFFFFF', 'FFFFFF', 'FFFFFF', 'FFFFFF'),
(172, 172, 'FFFFFF', 'FFFFFF', 'FFFFFF', 'FFFFFF', 'FFFFFF', 'FFFFFF'),
(173, 173, 'FFFFFF', 'FFFFFF', 'FFFFFF', 'FFFFFF', 'FFFFFF', 'FFFFFF'),
(174, 174, 'FFFFFF', 'FFFFFF', 'FFFFFF', 'FFFFFF', 'FFFFFF', 'FFFFFF'),
(175, 175, 'FFFFFF', 'FFFFFF', 'FFFFFF', 'FFFFFF', 'FFFFFF', 'FFFFFF'),
(176, 176, 'FFFFFF', 'FFFFFF', 'FFFFFF', 'FFFFFF', 'FFFFFF', 'FFFFFF'),
(177, 177, 'FFFFFF', 'FFFFFF', 'FFFFFF', 'FFFFFF', 'FFFFFF', 'FFFFFF'),
(178, 178, 'FFFFFF', 'FFFFFF', 'FFFFFF', 'FFFFFF', 'FFFFFF', 'FFFFFF'),
(179, 179, 'FFFFFF', 'FFFFFF', 'FFFFFF', 'FFFFFF', 'FFFFFF', 'FFFFFF'),
(180, 180, 'FFFFFF', 'FFFFFF', 'FFFFFF', 'FFFFFF', 'FFFFFF', 'FFFFFF'),
(181, 181, 'FFFFFF', 'FFFFFF', 'FFFFFF', 'FFFFFF', 'FFFFFF', 'FFFFFF'),
(182, 182, 'FFFFFF', 'FFFFFF', 'FFFFFF', 'FFFFFF', 'FFFFFF', 'FFFFFF'),
(183, 183, 'FFFFFF', 'FFFFFF', 'FFFFFF', 'FFFFFF', 'FFFFFF', 'FFFFFF'),
(184, 184, 'FFFFFF', 'FFFFFF', 'FFFFFF', 'FFFFFF', 'FFFFFF', 'FFFFFF'),
(185, 185, 'FFFFFF', 'FFFFFF', 'FFFFFF', 'FFFFFF', 'FFFFFF', 'FFFFFF'),
(186, 186, 'FFFFFF', 'FFFFFF', 'FFFFFF', 'FFFFFF', 'FFFFFF', 'FFFFFF'),
(187, 187, 'FFFFFF', 'FFFFFF', 'FFFFFF', 'FFFFFF', 'FFFFFF', 'FFFFFF'),
(188, 188, 'FFFFFF', 'FFFFFF', 'FFFFFF', 'FFFFFF', 'FFFFFF', 'FFFFFF'),
(189, 189, 'FFFFFF', 'FFFFFF', 'FFFFFF', 'FFFFFF', 'FFFFFF', 'FFFFFF'),
(190, 190, 'FFFFFF', 'FFFFFF', 'FFFFFF', 'FFFFFF', 'FFFFFF', 'FFFFFF'),
(191, 191, 'FFFFFF', 'FFFFFF', 'FFFFFF', 'FFFFFF', 'FFFFFF', 'FFFFFF'),
(192, 192, 'FFFFFF', 'FFFFFF', 'FFFFFF', 'FFFFFF', 'FFFFFF', 'FFFFFF'),
(193, 193, 'FFFFFF', 'FFFFFF', 'FFFFFF', 'FFFFFF', 'FFFFFF', 'FFFFFF'),
(194, 194, 'FFFFFF', 'FFFFFF', 'FFFFFF', 'FFFFFF', 'FFFFFF', 'FFFFFF'),
(195, 195, 'FFFFFF', 'FFFFFF', 'FFFFFF', 'FFFFFF', 'FFFFFF', 'FFFFFF'),
(196, 196, 'FFFFFF', 'FFFFFF', 'FFFFFF', 'FFFFFF', 'FFFFFF', 'FFFFFF'),
(197, 197, 'FFFFFF', 'FFFFFF', 'FFFFFF', 'FFFFFF', 'FFFFFF', 'FFFFFF'),
(198, 198, 'FFFFFF', 'FFFFFF', 'FFFFFF', 'FFFFFF', 'FFFFFF', 'FFFFFF'),
(199, 199, 'FFFFFF', 'FFFFFF', 'FFFFFF', 'FFFFFF', 'FFFFFF', 'FFFFFF'),
(200, 200, 'FFFFFF', 'FFFFFF', 'FFFFFF', 'FFFFFF', 'FFFFFF', 'FFFFFF'),
(201, 201, 'FFFFFF', 'FFFFFF', 'FFFFFF', 'FFFFFF', 'FFFFFF', 'FFFFFF'),
(202, 202, 'FFFFFF', 'FFFFFF', 'FFFFFF', 'FFFFFF', 'FFFFFF', 'FFFFFF'),
(203, 203, 'FFFFFF', 'FFFFFF', 'FFFFFF', 'FFFFFF', 'FFFFFF', 'FFFFFF'),
(204, 204, 'FFFFFF', 'FFFFFF', 'FFFFFF', 'FFFFFF', 'FFFFFF', 'FFFFFF'),
(205, 205, 'FFFFFF', 'FFFFFF', 'FFFFFF', 'FFFFFF', 'FFFFFF', 'FFFFFF'),
(206, 206, 'FFFFFF', 'FFFFFF', 'FFFFFF', 'FFFFFF', 'FFFFFF', 'FFFFFF'),
(207, 207, 'FFFFFF', 'FFFFFF', 'FFFFFF', 'FFFFFF', 'FFFFFF', 'FFFFFF'),
(208, 208, 'FFFFFF', 'FFFFFF', 'FFFFFF', 'FFFFFF', 'FFFFFF', 'FFFFFF'),
(209, 209, 'FFFFFF', 'FFFFFF', 'FFFFFF', 'FFFFFF', 'FFFFFF', 'FFFFFF'),
(210, 210, 'FFFFFF', 'FFFFFF', 'FFFFFF', 'FFFFFF', 'FFFFFF', 'FFFFFF'),
(211, 211, 'FFFFFF', 'FFFFFF', 'FFFFFF', 'FFFFFF', 'FFFFFF', 'FFFFFF'),
(212, 212, 'FFFFFF', 'FFFFFF', 'FFFFFF', 'FFFFFF', 'FFFFFF', 'FFFFFF'),
(213, 213, 'FFFFFF', 'FFFFFF', 'FFFFFF', 'FFFFFF', 'FFFFFF', 'FFFFFF'),
(214, 214, 'FFFFFF', 'FFFFFF', 'FFFFFF', 'FFFFFF', 'FFFFFF', 'FFFFFF'),
(215, 215, 'FFFFFF', 'FFFFFF', 'FFFFFF', 'FFFFFF', 'FFFFFF', 'FFFFFF'),
(216, 216, 'FFFFFF', 'FFFFFF', 'FFFFFF', 'FFFFFF', 'FFFFFF', 'FFFFFF'),
(217, 217, 'FFFFFF', 'FFFFFF', 'FFFFFF', 'FFFFFF', 'FFFFFF', 'FFFFFF'),
(218, 218, 'FFFFFF', 'FFFFFF', 'FFFFFF', 'FFFFFF', 'FFFFFF', 'FFFFFF'),
(219, 219, 'FFFFFF', 'FFFFFF', 'FFFFFF', 'FFFFFF', 'FFFFFF', 'FFFFFF'),
(220, 220, 'FFFFFF', 'FFFFFF', 'FFFFFF', 'FFFFFF', 'FFFFFF', 'FFFFFF'),
(221, 221, 'FFFFFF', 'FFFFFF', 'FFFFFF', 'FFFFFF', 'FFFFFF', 'FFFFFF'),
(222, 222, 'FFFFFF', 'FFFFFF', 'FFFFFF', 'FFFFFF', 'FFFFFF', 'FFFFFF'),
(223, 223, 'FFFFFF', 'FFFFFF', 'FFFFFF', 'FFFFFF', 'FFFFFF', 'FFFFFF'),
(224, 224, 'FFFFFF', 'FFFFFF', 'FFFFFF', 'FFFFFF', 'FFFFFF', 'FFFFFF');

-- --------------------------------------------------------

--
-- Table structure for table `user_data`
--

CREATE TABLE `user_data` (
  `id` int NOT NULL,
  `user` int DEFAULT NULL,
  `hat1` int DEFAULT NULL,
  `hat2` int DEFAULT NULL,
  `hat3` int DEFAULT NULL,
  `face` varchar(11) NOT NULL DEFAULT 'default',
  `accessory` int DEFAULT NULL,
  `t-shirt` int DEFAULT NULL,
  `shirt` int DEFAULT NULL,
  `pants` int DEFAULT NULL
) ENGINE=InnoDB DEFAULT CHARSET=latin1;

--
-- Dumping data for table `user_data`
--

INSERT INTO `user_data` (`id`, `user`, `hat1`, `hat`, `hat3`, `accessory`, `t-shirt`, `shirt`, `face`) VALUES
(1, 1, NULL, NULL, NULL, NULL, NULL, NULL, 'default'),
(2, 2, 1, 1, NULL, NULL, NULL, NULL, 'default'),
(3, 3, NULL, NULL, NULL, NULL, NULL, NULL, 'default'),
(4, 4, NULL, NULL, NULL, NULL, NULL, NULL, 'default'),
(5, 5, NULL, NULL, NULL, NULL, NULL, NULL, 'default'),
(6, 6, NULL, NULL, NULL, NULL, NULL, NULL, 'default'),
(7, 7, NULL, NULL, NULL, NULL, NULL, NULL, 'default'),
(8, 8, NULL, NULL, NULL, NULL, NULL, NULL, 'default'),
(9, 9, NULL, NULL, NULL, NULL, NULL, NULL, 'default'),
(10, 10, NULL, NULL, NULL, NULL, NULL, NULL, 'default'),
(11, 11, NULL, NULL, NULL, NULL, NULL, NULL, 'default'),
(12, 12, NULL, NULL, NULL, NULL, NULL, NULL, 'default'),
(13, 13, NULL, NULL, NULL, NULL, NULL, NULL, 'default'),
(14, 14, NULL, NULL, NULL, NULL, NULL, NULL, 'default'),
(15, 15, NULL, NULL, NULL, NULL, NULL, NULL, 'default'),
(16, 16, NULL, NULL, NULL, NULL, NULL, NULL, 'default'),
(17, 17, NULL, NULL, NULL, NULL, NULL, NULL, 'default'),
(18, 18, NULL, NULL, NULL, NULL, NULL, NULL, 'default'),
(19, 19, NULL, NULL, NULL, NULL, NULL, NULL, 'default'),
(20, 20, NULL, NULL, NULL, NULL, NULL, NULL, 'default'),
(21, 21, NULL, NULL, NULL, NULL, NULL, NULL, 'default'),
(22, 22, NULL, NULL, NULL, NULL, NULL, NULL, 'default'),
(23, 23, NULL, NULL, NULL, NULL, NULL, NULL, 'default'),
(24, 24, NULL, NULL, NULL, NULL, NULL, NULL, 'default'),
(25, 25, NULL, NULL, NULL, NULL, NULL, NULL, 'default'),
(26, 26, NULL, NULL, NULL, NULL, NULL, NULL, 'default'),
(27, 27, NULL, NULL, NULL, NULL, NULL, NULL, 'default'),
(28, 28, NULL, NULL, NULL, NULL, NULL, NULL, 'default'),
(29, 29, NULL, NULL, NULL, NULL, NULL, NULL, 'default'),
(30, 30, NULL, NULL, NULL, NULL, NULL, NULL, 'default'),
(31, 31, NULL, NULL, NULL, NULL, NULL, NULL, 'default'),
(32, 32, NULL, NULL, NULL, NULL, NULL, NULL, 'default'),
(33, 33, NULL, NULL, NULL, NULL, NULL, NULL, 'default'),
(34, 34, NULL, NULL, NULL, NULL, NULL, NULL, 'default'),
(35, 35, NULL, NULL, NULL, NULL, NULL, NULL, 'default'),
(36, 36, NULL, NULL, NULL, NULL, NULL, NULL, 'default'),
(37, 37, NULL, NULL, NULL, NULL, NULL, NULL, 'default'),
(38, 38, NULL, NULL, NULL, NULL, NULL, NULL, 'default'),
(39, 39, NULL, NULL, NULL, NULL, NULL, NULL, 'default'),
(40, 40, NULL, NULL, NULL, NULL, NULL, NULL, 'default'),
(41, 41, NULL, NULL, NULL, NULL, NULL, NULL, 'default'),
(42, 42, NULL, NULL, NULL, NULL, NULL, NULL, 'default'),
(43, 43, NULL, NULL, NULL, NULL, NULL, NULL, 'default'),
(44, 44, NULL, NULL, NULL, NULL, NULL, NULL, 'default'),
(45, 45, NULL, NULL, NULL, NULL, NULL, NULL, 'default'),
(46, 46, NULL, NULL, NULL, NULL, NULL, NULL, 'default'),
(47, 47, NULL, NULL, NULL, NULL, NULL, NULL, 'default'),
(48, 48, NULL, NULL, NULL, NULL, NULL, NULL, 'default'),
(49, 49, NULL, NULL, NULL, NULL, NULL, NULL, 'default'),
(50, 50, NULL, NULL, NULL, NULL, NULL, NULL, 'default'),
(51, 51, NULL, NULL, NULL, NULL, NULL, NULL, 'default'),
(52, 52, NULL, NULL, NULL, NULL, NULL, NULL, 'default'),
(53, 53, NULL, NULL, NULL, NULL, NULL, NULL, 'default'),
(54, 54, NULL, NULL, NULL, NULL, NULL, NULL, 'default'),
(55, 55, NULL, NULL, NULL, NULL, NULL, NULL, 'default'),
(56, 56, NULL, NULL, NULL, NULL, NULL, NULL, 'default'),
(57, 57, NULL, NULL, NULL, NULL, NULL, NULL, 'default'),
(58, 58, NULL, NULL, NULL, NULL, NULL, NULL, 'default'),
(59, 59, NULL, NULL, NULL, NULL, NULL, NULL, 'default'),
(60, 60, NULL, NULL, NULL, NULL, NULL, NULL, 'default'),
(61, 61, NULL, NULL, NULL, NULL, NULL, NULL, 'default'),
(62, 62, NULL, NULL, NULL, NULL, NULL, NULL, 'default'),
(63, 63, NULL, NULL, NULL, NULL, NULL, NULL, 'default'),
(64, 64, NULL, NULL, NULL, NULL, NULL, NULL, 'default'),
(65, 65, NULL, NULL, NULL, NULL, NULL, NULL, 'default'),
(66, 66, NULL, NULL, NULL, NULL, NULL, NULL, 'default'),
(67, 67, NULL, NULL, NULL, NULL, NULL, NULL, 'default'),
(68, 68, NULL, NULL, NULL, NULL, NULL, NULL, 'default'),
(69, 69, NULL, NULL, NULL, NULL, NULL, NULL, 'default'),
(70, 70, NULL, NULL, NULL, NULL, NULL, NULL, 'default'),
(71, 71, NULL, NULL, NULL, NULL, NULL, NULL, 'default'),
(72, 72, NULL, NULL, NULL, NULL, NULL, NULL, 'default'),
(73, 73, NULL, NULL, NULL, NULL, NULL, NULL, 'default'),
(74, 74, NULL, NULL, NULL, NULL, NULL, NULL, 'default'),
(75, 75, NULL, NULL, NULL, NULL, NULL, NULL, 'default'),
(76, 76, NULL, NULL, NULL, NULL, NULL, NULL, 'default'),
(77, 77, NULL, NULL, NULL, NULL, NULL, NULL, 'default'),
(78, 78, NULL, NULL, NULL, NULL, NULL, NULL, 'default'),
(79, 79, NULL, NULL, NULL, NULL, NULL, NULL, 'default'),
(80, 80, NULL, NULL, NULL, NULL, NULL, NULL, 'default'),
(81, 81, NULL, NULL, NULL, NULL, NULL, NULL, 'default'),
(82, 82, NULL, NULL, NULL, NULL, NULL, NULL, 'default'),
(83, 83, NULL, NULL, NULL, NULL, NULL, NULL, 'default'),
(84, 84, NULL, NULL, NULL, NULL, NULL, NULL, 'default'),
(85, 85, NULL, NULL, NULL, NULL, NULL, NULL, 'default'),
(86, 86, NULL, NULL, NULL, NULL, NULL, NULL, 'default'),
(87, 87, NULL, NULL, NULL, NULL, NULL, NULL, 'default'),
(88, 88, NULL, NULL, NULL, NULL, NULL, NULL, 'default'),
(89, 89, NULL, NULL, NULL, NULL, NULL, NULL, 'default'),
(90, 90, NULL, NULL, NULL, NULL, NULL, NULL, 'default'),
(91, 91, NULL, NULL, NULL, NULL, NULL, NULL, 'default'),
(92, 92, NULL, NULL, NULL, NULL, NULL, NULL, 'default'),
(93, 93, NULL, NULL, NULL, NULL, NULL, NULL, 'default'),
(94, 94, NULL, NULL, NULL, NULL, NULL, NULL, 'default'),
(95, 95, NULL, NULL, NULL, NULL, NULL, NULL, 'default'),
(96, 96, NULL, NULL, NULL, NULL, NULL, NULL, 'default'),
(97, 97, NULL, NULL, NULL, NULL, NULL, NULL, 'default'),
(98, 98, NULL, NULL, NULL, NULL, NULL, NULL, 'default'),
(99, 99, NULL, NULL, NULL, NULL, NULL, NULL, 'default'),
(100, 100, NULL, NULL, NULL, NULL, NULL, NULL, 'default'),
(101, 101, NULL, NULL, NULL, NULL, NULL, NULL, 'default'),
(102, 102, NULL, NULL, NULL, NULL, NULL, NULL, 'default'),
(103, 103, NULL, NULL, NULL, NULL, NULL, NULL, 'default'),
(104, 104, NULL, NULL, NULL, NULL, NULL, NULL, 'default'),
(105, 105, NULL, NULL, NULL, NULL, NULL, NULL, 'default'),
(106, 106, NULL, NULL, NULL, NULL, NULL, NULL, 'default'),
(107, 107, NULL, NULL, NULL, NULL, NULL, NULL, 'default'),
(108, 108, NULL, NULL, NULL, NULL, NULL, NULL, 'default'),
(109, 109, NULL, NULL, NULL, NULL, NULL, NULL, 'default'),
(110, 110, NULL, NULL, NULL, NULL, NULL, NULL, 'default'),
(111, 111, NULL, NULL, NULL, NULL, NULL, NULL, 'default'),
(112, 112, NULL, NULL, NULL, NULL, NULL, NULL, 'default'),
(113, 113, NULL, NULL, NULL, NULL, NULL, NULL, 'default'),
(114, 114, NULL, NULL, NULL, NULL, NULL, NULL, 'default'),
(115, 115, NULL, NULL, NULL, NULL, NULL, NULL, 'default'),
(116, 116, NULL, NULL, NULL, NULL, NULL, NULL, 'default'),
(117, 117, NULL, NULL, NULL, NULL, NULL, NULL, 'default'),
(118, 118, NULL, NULL, NULL, NULL, NULL, NULL, 'default'),
(119, 119, NULL, NULL, NULL, NULL, NULL, NULL, 'default'),
(120, 120, NULL, NULL, NULL, NULL, NULL, NULL, 'default'),
(121, 121, NULL, NULL, NULL, NULL, NULL, NULL, 'default'),
(122, 122, NULL, NULL, NULL, NULL, NULL, NULL, 'default'),
(123, 123, NULL, NULL, NULL, NULL, NULL, NULL, 'default'),
(124, 124, NULL, NULL, NULL, NULL, NULL, NULL, 'default'),
(125, 125, NULL, NULL, NULL, NULL, NULL, NULL, 'default'),
(126, 126, NULL, NULL, NULL, NULL, NULL, NULL, 'default'),
(127, 127, NULL, NULL, NULL, NULL, NULL, NULL, 'default'),
(128, 128, NULL, NULL, NULL, NULL, NULL, NULL, 'default'),
(129, 129, NULL, NULL, NULL, NULL, NULL, NULL, 'default'),
(130, 130, NULL, NULL, NULL, NULL, NULL, NULL, 'default'),
(131, 131, NULL, NULL, NULL, NULL, NULL, NULL, 'default'),
(132, 132, NULL, NULL, NULL, NULL, NULL, NULL, 'default'),
(133, 133, NULL, NULL, NULL, NULL, NULL, NULL, 'default'),
(134, 134, NULL, NULL, NULL, NULL, NULL, NULL, 'default'),
(135, 135, NULL, NULL, NULL, NULL, NULL, NULL, 'default'),
(136, 136, NULL, NULL, NULL, NULL, NULL, NULL, 'default'),
(137, 137, NULL, NULL, NULL, NULL, NULL, NULL, 'default'),
(138, 138, NULL, NULL, NULL, NULL, NULL, NULL, 'default'),
(139, 139, NULL, NULL, NULL, NULL, NULL, NULL, 'default'),
(140, 140, NULL, NULL, NULL, NULL, NULL, NULL, 'default'),
(141, 141, NULL, NULL, NULL, NULL, NULL, NULL, 'default'),
(142, 142, NULL, NULL, NULL, NULL, NULL, NULL, 'default'),
(143, 143, NULL, NULL, NULL, NULL, NULL, NULL, 'default'),
(144, 144, NULL, NULL, NULL, NULL, NULL, NULL, 'default'),
(145, 145, NULL, NULL, NULL, NULL, NULL, NULL, 'default'),
(146, 146, NULL, NULL, NULL, NULL, NULL, NULL, 'default'),
(147, 147, NULL, NULL, NULL, NULL, NULL, NULL, 'default'),
(148, 148, NULL, NULL, NULL, NULL, NULL, NULL, 'default'),
(149, 149, NULL, NULL, NULL, NULL, NULL, NULL, 'default'),
(150, 150, NULL, NULL, NULL, NULL, NULL, NULL, 'default'),
(151, 151, NULL, NULL, NULL, NULL, NULL, NULL, 'default'),
(152, 152, NULL, NULL, NULL, NULL, NULL, NULL, 'default'),
(153, 153, NULL, NULL, NULL, NULL, NULL, NULL, 'default'),
(154, 154, NULL, NULL, NULL, NULL, NULL, NULL, 'default'),
(155, 155, NULL, NULL, NULL, NULL, NULL, NULL, 'default'),
(156, 156, NULL, NULL, NULL, NULL, NULL, NULL, 'default'),
(157, 157, NULL, NULL, NULL, NULL, NULL, NULL, 'default'),
(158, 158, NULL, NULL, NULL, NULL, NULL, NULL, 'default'),
(159, 159, NULL, NULL, NULL, NULL, NULL, NULL, 'default'),
(160, 160, NULL, NULL, NULL, NULL, NULL, NULL, 'default'),
(161, 161, NULL, NULL, NULL, NULL, NULL, NULL, 'default'),
(162, 162, NULL, NULL, NULL, NULL, NULL, NULL, 'default'),
(163, 163, NULL, NULL, NULL, NULL, NULL, NULL, 'default'),
(164, 164, NULL, NULL, NULL, NULL, NULL, NULL, 'default'),
(165, 165, NULL, NULL, NULL, NULL, NULL, NULL, 'default'),
(166, 166, NULL, NULL, NULL, NULL, NULL, NULL, 'default'),
(167, 167, NULL, NULL, NULL, NULL, NULL, NULL, 'default'),
(168, 168, NULL, NULL, NULL, NULL, NULL, NULL, 'default'),
(169, 169, NULL, NULL, NULL, NULL, NULL, NULL, 'default'),
(170, 170, NULL, NULL, NULL, NULL, NULL, NULL, 'default'),
(171, 171, NULL, NULL, NULL, NULL, NULL, NULL, 'default'),
(172, 172, NULL, NULL, NULL, NULL, NULL, NULL, 'default'),
(173, 173, NULL, NULL, NULL, NULL, NULL, NULL, 'default'),
(174, 174, NULL, NULL, NULL, NULL, NULL, NULL, 'default'),
(175, 175, NULL, NULL, NULL, NULL, NULL, NULL, 'default'),
(176, 176, NULL, NULL, NULL, NULL, NULL, NULL, 'default'),
(177, 177, NULL, NULL, NULL, NULL, NULL, NULL, 'default'),
(178, 178, NULL, NULL, NULL, NULL, NULL, NULL, 'default'),
(179, 179, NULL, NULL, NULL, NULL, NULL, NULL, 'default'),
(180, 180, NULL, NULL, NULL, NULL, NULL, NULL, 'default'),
(181, 181, NULL, NULL, NULL, NULL, NULL, NULL, 'default'),
(182, 182, NULL, NULL, NULL, NULL, NULL, NULL, 'default'),
(183, 183, NULL, NULL, NULL, NULL, NULL, NULL, 'default'),
(184, 184, NULL, NULL, NULL, NULL, NULL, NULL, 'default'),
(185, 185, NULL, NULL, NULL, NULL, NULL, NULL, 'default'),
(186, 186, NULL, NULL, NULL, NULL, NULL, NULL, 'default'),
(187, 187, NULL, NULL, NULL, NULL, NULL, NULL, 'default'),
(188, 188, NULL, NULL, NULL, NULL, NULL, NULL, 'default'),
(189, 189, NULL, NULL, NULL, NULL, NULL, NULL, 'default'),
(190, 190, NULL, NULL, NULL, NULL, NULL, NULL, 'default'),
(191, 191, NULL, NULL, NULL, NULL, NULL, NULL, 'default'),
(192, 192, NULL, NULL, NULL, NULL, NULL, NULL, 'default'),
(193, 193, NULL, NULL, NULL, NULL, NULL, NULL, 'default'),
(194, 194, NULL, NULL, NULL, NULL, NULL, NULL, 'default'),
(195, 195, NULL, NULL, NULL, NULL, NULL, NULL, 'default'),
(196, 196, NULL, NULL, NULL, NULL, NULL, NULL, 'default'),
(197, 197, NULL, NULL, NULL, NULL, NULL, NULL, 'default'),
(198, 198, NULL, NULL, NULL, NULL, NULL, NULL, 'default'),
(199, 199, NULL, NULL, NULL, NULL, NULL, NULL, 'default'),
(200, 200, NULL, NULL, NULL, NULL, NULL, NULL, 'default'),
(201, 201, NULL, NULL, NULL, NULL, NULL, NULL, 'default'),
(202, 202, NULL, NULL, NULL, NULL, NULL, NULL, 'default'),
(203, 203, NULL, NULL, NULL, NULL, NULL, NULL, 'default'),
(204, 204, NULL, NULL, NULL, NULL, NULL, NULL, 'default'),
(205, 205, NULL, NULL, NULL, NULL, NULL, NULL, 'default'),
(206, 206, NULL, NULL, NULL, NULL, NULL, NULL, 'default'),
(207, 207, NULL, NULL, NULL, NULL, NULL, NULL, 'default'),
(208, 208, NULL, NULL, NULL, NULL, NULL, NULL, 'default'),
(209, 209, NULL, NULL, NULL, NULL, NULL, NULL, 'default'),
(210, 210, NULL, NULL, NULL, NULL, NULL, NULL, 'default'),
(211, 211, NULL, NULL, NULL, NULL, NULL, NULL, 'default'),
(212, 212, NULL, NULL, NULL, NULL, NULL, NULL, 'default'),
(213, 213, NULL, NULL, NULL, NULL, NULL, NULL, 'default'),
(214, 214, NULL, NULL, NULL, NULL, NULL, NULL, 'default'),
(215, 215, NULL, NULL, NULL, NULL, NULL, NULL, 'default'),
(216, 216, NULL, NULL, NULL, NULL, NULL, NULL, 'default'),
(217, 217, NULL, NULL, NULL, NULL, NULL, NULL, 'default'),
(218, 218, NULL, NULL, NULL, NULL, NULL, NULL, 'default'),
(219, 219, NULL, NULL, NULL, NULL, NULL, NULL, 'default'),
(220, 220, NULL, NULL, NULL, NULL, NULL, NULL, 'default'),
(221, 221, NULL, NULL, NULL, NULL, NULL, NULL, 'default'),
(222, 222, NULL, NULL, NULL, NULL, NULL, NULL, 'default'),
(223, 223, NULL, NULL, NULL, NULL, NULL, NULL, 'default'),
(224, 224, NULL, NULL, NULL, NULL, NULL, NULL, 'default');

-- --------------------------------------------------------

--
-- Table structure for table `user_friends`
--

CREATE TABLE `user_friends` (
  `id` int NOT NULL,
  `sender` int DEFAULT NULL,
  `receiver` int DEFAULT NULL,
  `status` int NOT NULL DEFAULT '0',
  `date` int DEFAULT NULL
) ENGINE=InnoDB DEFAULT CHARSET=latin1;

--
-- Dumping data for table `user_friends`
--

INSERT INTO `user_friends` (`id`, `sender`, `receiver`, `status`, `date`) VALUES
(1, 8, 3, 1, 1597721564),
(2, 8, 2, 1, 1597721586),
(4, 8, 4, 2, 1597721614),
(5, 8, 5, 0, 1597721627),
(6, 8, 6, 0, 1597721642),
(7, 8, 7, 1, 1597721655),
(8, 8, 9, 0, 1597721667),
(9, 8, 11, 1, 1597721880),
(10, 8, 10, 1, 1597721893),
(11, 8, 12, 1, 1597721906),
(12, 8, 8, 1, 1597721987),
(13, 8, 13, 2, 1597722209),
(14, 8, 14, 1, 1597722222),
(15, 8, 15, 1, 1597722241),
(16, 15, 2, 1, 1597722248),
(17, 8, 16, 0, 1597722443),
(18, 8, 17, 1, 1597722598),
(19, 13, 3, 1, 1597723411),
(20, 13, 2, 1, 1597723448),
(21, 8, 18, 1, 1597725201),
(22, 8, 19, 0, 1597726421),
(23, 8, 20, 1, 1597726435),
(24, 13, 5, 0, 1597728730),
(26, 19, 2, 1, 1597728983),
(27, 19, 3, 1, 1597729000),
(28, 21, 2, 1, 1597730669),
(29, 8, 21, 1, 1597730691),
(30, 8, 22, 1, 1597730708),
(31, 8, 23, 1, 1597730721),
(32, 8, 24, 1, 1597730733),
(33, 25, 2, 1, 1597731448),
(34, 3, 30, 1, 1597732510),
(35, 34, 21, 1, 1597735109),
(36, 34, 33, 1, 1597735136),
(37, 41, 45, 1, 1597739773),
(38, 44, 3, 1, 1597739867),
(39, 41, 44, 1, 1597739964),
(40, 41, 40, 1, 1597740850),
(41, 41, 46, 0, 1597742253),
(42, 41, 48, 0, 1597743349),
(43, 23, 5, 0, 1597746611),
(44, 42, 3, 1, 1597747055),
(45, 42, 23, 1, 1597747074),
(46, 42, 5, 0, 1597747082),
(47, 42, 41, 1, 1597747293),
(48, 21, 3, 1, 1597749079),
(49, 41, 54, 1, 1597755499),
(50, 41, 21, 1, 1597757415),
(51, 41, 3, 1, 1597757436),
(52, 41, 2, 1, 1597757482),
(53, 43, 2, 1, 1597758608),
(54, 35, 21, 1, 1597758620),
(55, 35, 54, 1, 1597758897),
(56, 21, 54, 1, 1597759245),
(57, 8, 25, 1, 1597759557),
(58, 8, 26, 0, 1597759574),
(59, 8, 27, 1, 1597759588),
(60, 8, 28, 0, 1597759600),
(61, 8, 29, 0, 1597759611),
(62, 8, 30, 0, 1597759623),
(63, 8, 31, 2, 1597759634),
(64, 8, 32, 1, 1597759644),
(65, 8, 33, 1, 1597759655),
(66, 8, 34, 0, 1597759667),
(67, 8, 35, 1, 1597759677),
(68, 8, 36, 1, 1597759688),
(69, 8, 37, 1, 1597759697),
(70, 8, 38, 0, 1597759707),
(71, 8, 39, 0, 1597759717),
(72, 8, 40, 1, 1597759730),
(73, 8, 41, 1, 1597759742),
(75, 35, 7, 1, 1597759756),
(76, 8, 43, 0, 1597759765),
(77, 8, 44, 1, 1597759775),
(78, 8, 45, 2, 1597759786),
(79, 8, 46, 0, 1597759797),
(80, 8, 47, 1, 1597759808),
(81, 8, 48, 0, 1597759819),
(82, 8, 49, 0, 1597759831),
(83, 8, 50, 1, 1597759843),
(84, 8, 51, 0, 1597759856),
(85, 8, 52, 1, 1597759869),
(86, 8, 53, 0, 1597759880),
(87, 8, 54, 1, 1597759892),
(88, 8, 55, 0, 1597759905),
(89, 8, 56, 1, 1597759916),
(90, 8, 57, 2, 1597759940),
(91, 8, 58, 0, 1597759974),
(92, 8, 59, 0, 1597759987),
(93, 8, 60, 0, 1597760001),
(94, 8, 61, 0, 1597761180),
(95, 8, 62, 1, 1597761190),
(96, 8, 63, 0, 1597761203),
(97, 8, 64, 0, 1597761601),
(98, 10, 2, 1, 1597763109),
(100, 69, 21, 1, 1597764655),
(101, 8, 65, 0, 1597764726),
(102, 8, 67, 0, 1597764749),
(103, 8, 68, 0, 1597764759),
(104, 8, 69, 1, 1597764768),
(105, 8, 70, 2, 1597764780),
(106, 8, 71, 0, 1597767805),
(107, 8, 72, 1, 1597767816),
(108, 8, 73, 1, 1597767829),
(109, 8, 74, 0, 1597767840),
(113, 15, 21, 1, 1597768005),
(114, 76, 8, 1, 1597768043),
(115, 75, 74, 0, 1597768066),
(116, 8, 75, 1, 1597768166),
(118, 15, 56, 0, 1597768532),
(120, 62, 15, 1, 1597771678),
(121, 62, 54, 1, 1597771715),
(122, 62, 35, 1, 1597771736),
(123, 62, 2, 1, 1597771746),
(124, 62, 21, 1, 1597771755),
(125, 62, 3, 1, 1597771826),
(126, 62, 7, 1, 1597771841),
(127, 21, 4, 2, 1597772764),
(128, 72, 73, 1, 1597774558),
(129, 15, 73, 1, 1597774571),
(130, 95, 15, 1, 1597776327),
(131, 72, 2, 1, 1597776370),
(132, 15, 22, 1, 1597777706),
(133, 13, 83, 0, 1597781409),
(134, 100, 72, 1, 1597783441),
(135, 100, 5, 1, 1597783511),
(136, 18, 62, 1, 1597785133),
(137, 35, 18, 1, 1597787073),
(138, 3, 52, 1, 1597787650),
(139, 104, 19, 1, 1597789866),
(140, 19, 7, 1, 1597790570),
(141, 18, 100, 1, 1597795494),
(142, 35, 100, 0, 1597798618),
(143, 8, 77, 0, 1597798679),
(144, 8, 78, 0, 1597798687),
(145, 8, 79, 0, 1597798695),
(146, 8, 80, 0, 1597798703),
(147, 8, 100, 0, 1597798729),
(148, 8, 99, 0, 1597798739),
(149, 8, 98, 0, 1597798746),
(150, 8, 97, 2, 1597798752),
(151, 8, 96, 0, 1597798760),
(152, 8, 95, 0, 1597798793),
(153, 8, 94, 0, 1597798801),
(154, 8, 93, 0, 1597798808),
(155, 8, 92, 0, 1597798815),
(156, 8, 91, 1, 1597798826),
(157, 8, 90, 0, 1597798839),
(158, 8, 89, 0, 1597798846),
(159, 8, 88, 0, 1597798853),
(160, 8, 87, 0, 1597798860),
(161, 8, 86, 0, 1597798942),
(162, 8, 85, 0, 1597799016),
(163, 8, 84, 0, 1597799040),
(164, 8, 83, 0, 1597799054),
(165, 8, 101, 1, 1597799087),
(166, 8, 102, 1, 1597799096),
(167, 8, 103, 2, 1597799104),
(168, 8, 104, 0, 1597799112),
(169, 8, 105, 0, 1597799176),
(170, 8, 107, 0, 1597799193),
(171, 35, 23, 1, 1597800760),
(172, 103, 102, 1, 1597805558),
(173, 101, 21, 1, 1597815864),
(174, 101, 3, 0, 1597815877),
(175, 101, 2, 1, 1597815902),
(176, 103, 113, 0, 1597816112),
(177, 41, 116, 1, 1597825320),
(178, 119, 52, 1, 1597852692),
(179, 41, 122, 1, 1597857982),
(180, 41, 123, 1, 1597862258),
(181, 41, 119, 1, 1597862297),
(182, 119, 123, 1, 1597862493),
(183, 130, 103, 1, 1597878474),
(184, 112, 97, 0, 1597884288),
(185, 35, 122, 1, 1597909829),
(186, 91, 35, 1, 1597915338),
(187, 132, 41, 1, 1597918354),
(188, 132, 54, 0, 1597918793),
(189, 132, 39, 0, 1597919282),
(190, 132, 101, 0, 1597919386),
(191, 119, 43, 0, 1597924545),
(192, 119, 2, 2, 1597924563),
(193, 41, 127, 0, 1597936717),
(194, 44, 2, 1, 1598115971),
(195, 45, 143, 0, 1598124751),
(196, 146, 21, 1, 1598134429),
(197, 146, 148, 1, 1598139118),
(198, 1, 148, 1, 1598139166),
(199, 153, 40, 1, 1598145989),
(200, 132, 32, 1, 1598168285),
(201, 155, 2, 1, 1598168552),
(202, 25, 143, 1, 1598169011),
(203, 156, 2, 1, 1598172959),
(204, 160, 9, 1, 1598194093),
(205, 91, 2, 1, 1598194262),
(206, 91, 40, 1, 1598194284),
(207, 91, 157, 2, 1598194302),
(208, 91, 9, 0, 1598194315),
(209, 91, 12, 1, 1598194333),
(210, 91, 161, 0, 1598194345),
(211, 91, 160, 1, 1598194357),
(212, 91, 47, 1, 1598194693),
(213, 91, 14, 1, 1598194779),
(214, 91, 21, 1, 1598194818),
(215, 91, 25, 1, 1598194831),
(216, 91, 72, 1, 1598195070),
(217, 12, 143, 2, 1598195820),
(218, 143, 157, 1, 1598196729),
(219, 155, 150, 1, 1598198079),
(220, 12, 2, 1, 1598199743),
(221, 18, 12, 1, 1598199984),
(222, 155, 41, 1, 1598202228),
(223, 91, 50, 1, 1598203665),
(224, 91, 69, 1, 1598203674),
(225, 91, 41, 1, 1598203688),
(226, 91, 157, 2, 1598203859),
(227, 91, 43, 0, 1598204907),
(228, 91, 11, 1, 1598204915),
(229, 91, 18, 1, 1598204976),
(230, 91, 100, 0, 1598204990),
(231, 91, 5, 0, 1598205001),
(232, 91, 166, 0, 1598205016),
(233, 18, 157, 0, 1598213349),
(234, 35, 25, 1, 1598217930),
(235, 8, 132, 1, 1598271129),
(236, 8, 122, 0, 1598271140),
(237, 8, 123, 0, 1598271160),
(238, 25, 23, 1, 1598337412),
(239, 24, 2, 1, 1598362144),
(240, 8, 112, 0, 1598413255),
(241, 8, 97, 0, 1598413258),
(242, 172, 24, 1, 1598571035),
(243, 35, 2, 1, 1598573457),
(244, 155, 17, 1, 1598644303),
(245, 155, 8, 1, 1598644329),
(246, 182, 168, 1, 1598653684),
(247, 192, 39, 1, 1598710863),
(248, 40, 2, 1, 1598711731),
(249, 196, 2, 1, 1598745220),
(250, 196, 157, 0, 1598745429),
(251, 199, 2, 1, 1598812765),
(252, 199, 43, 0, 1598813630),
(253, 181, 18, 1, 1598832189),
(254, 181, 72, 1, 1598832212),
(255, 181, 4, 2, 1598832219),
(256, 180, 39, 0, 1598870443),
(257, 174, 175, 0, 1598877251),
(258, 18, 25, 1, 1598902696),
(259, 211, 204, 1, 1598926466),
(260, 8, 111, 1, 1598928872),
(261, 8, 120, 0, 1598928989),
(262, 8, 150, 0, 1598929007),
(263, 8, 153, 0, 1598929021),
(264, 8, 154, 0, 1598929028),
(265, 8, 157, 0, 1598929054),
(266, 8, 158, 0, 1598929063),
(267, 8, 159, 0, 1598929071),
(268, 8, 160, 0, 1598929081),
(269, 8, 161, 0, 1598929089),
(270, 8, 163, 0, 1598929106),
(271, 8, 164, 0, 1598929113),
(272, 8, 165, 0, 1598929119),
(273, 8, 166, 0, 1598929126),
(274, 8, 167, 0, 1598929132),
(275, 8, 168, 0, 1598929140),
(276, 8, 169, 0, 1598929147),
(277, 8, 170, 0, 1598929154),
(278, 8, 171, 0, 1598929174),
(279, 8, 172, 1, 1598929182),
(280, 8, 173, 0, 1598929189),
(281, 8, 174, 2, 1598929197),
(282, 8, 175, 0, 1598929205),
(283, 8, 176, 0, 1598929212),
(284, 8, 177, 0, 1598929220),
(285, 8, 178, 0, 1598929228),
(286, 8, 179, 0, 1598929235),
(287, 8, 180, 0, 1598929242),
(288, 8, 181, 0, 1598929249),
(289, 8, 182, 0, 1598929258),
(290, 8, 183, 1, 1598929265),
(291, 8, 184, 0, 1598929272),
(292, 8, 185, 0, 1598929279),
(293, 8, 186, 1, 1598929287),
(294, 8, 187, 0, 1598929295),
(295, 8, 188, 0, 1598929302),
(296, 8, 189, 0, 1598929310),
(297, 8, 190, 0, 1598929317),
(298, 8, 191, 0, 1598929324),
(299, 8, 192, 1, 1598929331),
(300, 8, 193, 0, 1598929337),
(301, 8, 194, 0, 1598929344),
(302, 8, 197, 0, 1598929374),
(303, 8, 198, 0, 1598929382),
(304, 8, 199, 0, 1598929388),
(305, 8, 200, 0, 1598929397),
(306, 8, 201, 1, 1598929404),
(307, 8, 202, 0, 1598929515),
(308, 8, 203, 0, 1598929528),
(309, 8, 204, 0, 1598929535),
(310, 8, 205, 0, 1598929543),
(311, 8, 206, 0, 1598929550),
(312, 8, 207, 0, 1598929556),
(313, 8, 208, 0, 1598929564),
(314, 8, 209, 0, 1598929573),
(315, 8, 210, 0, 1598929580),
(316, 8, 211, 0, 1598929587),
(317, 8, 212, 0, 1598929596),
(318, 216, 2, 0, 1599005896),
(319, 215, 216, 0, 1599006155),
(320, 223, 219, 1, 1599008931),
(321, 219, 221, 1, 1599009156),
(322, 219, 222, 1, 1599009179),
(323, 222, 221, 1, 1599009273),
(324, 224, 219, 1, 1599017094);

-- --------------------------------------------------------

--
-- Table structure for table `user_groups`
--

CREATE TABLE `user_groups` (
  `id` int NOT NULL,
  `name` varchar(50) DEFAULT NULL,
  `description` varchar(250) DEFAULT NULL,
  `creator` int DEFAULT NULL,
  `members` int DEFAULT NULL,
  `moderation_status` tinyint(1) NOT NULL DEFAULT '0',
  `locked` tinyint(1) NOT NULL DEFAULT '0',
  `verified` tinyint(1) NOT NULL DEFAULT '0',
  `logo` varchar(250) DEFAULT NULL,
  `timecreated` int DEFAULT NULL
) ENGINE=InnoDB DEFAULT CHARSET=latin1;

--
-- Dumping data for table `user_groups`
--

INSERT INTO `user_groups` (`id`, `name`, `description`, `creator`, `members`, `moderation_status`, `locked`, `verified`, `logo`, `timecreated`) VALUES
(1, 'Kaplash', 'Welcome to the official kaplash group ', 1, 40, 1, 0, 1, 'main.png', 1597730493),
(2, 'Monkey', '', 2, 3, 1, 0, 0, '1d8b61cb1ba4acdb707dbd6432ccf8bd.png', 1597760495),
(3, 'Fave\'s Club', 'Welcome to Fave\'s Club! I don\'t know what eles to explain lol', 15, 5, 1, 0, 0, '88d7a3e197613a31e1014ed2b10b2032.png', 1597760529),
(4, 'Name Snipes', 'Yeah indeed we suck', 1, 5, 1, 0, 0, 'ec041632af455c9feb25cbceec38e662.png', 1597760697),
(5, 'Kaplash Administrators', 'For the ultimate users.', 1, 12, 1, 0, 0, 'b0581b26e4a670048a7fcf8e5e33f3d4.png', 1597760776),
(6, 'Namesnipe', 'Owned by cat\r\n0 Members\r\nLEAVE MAKE PRIMARY\r\nWelcome to NAMESNIPE, the 1st Namesnipe group on kaplash.\r\n\r\nWant to know how good your username is? Join this clan and get ranked within 24 years!\r\n\r\nRANKS:none', 43, 21, 1, 0, 0, 'https://media.discordapp.net/attachments/746905122130624570/746907844799889528/Untitled_redo.jpg', 1597760848),
(7, 'Cool Kaplash Club!', 'Join the Cool Kaplash Club Now!\r\n\r\n(Will redo logo soon, just a temp one for now)', 8, 4, 1, 0, 0, 'kek.png', 1597760943),
(8, 'The Forum Group!', 'This is a group for all the Forumers of Kaplash! Ranks are earned by the amount of posts you do. No swearing allowed!', 162, 5, 1, 0, 0, '6908b93b170dc0188ab325822f99ece4.png', 1597761359),
(9, 'Old Players', 'Right now the only two ranks are <100 and 2020er', 1, 15, 1, 0, 0, 'ac845e035c00b89bae26b5368baf7f61.png', 1597761374),
(10, 'Kaiokeno', 'Kaiokeno', 1, 2, 1, 0, 0, 'bcd6ca979957174fc2e3b4c5e7660a52.png', 1597761724),
(11, 'test 12345678', 'test', 1, 1, 1, 0, 0, '3836be82f6edeb9fad1f12238b175197.png', 1597762383),
(12, 'Wemakegames', 'We make games...\r\nwhenever that is possible.', 1, 3, 1, 0, 0, '8818922d06216f6e0524324d38c4d32a.png', 1597763286),
(13, '...', 'Hi...', 13, 3, 1, 0, 0, '1759f043b7c15cf6a9129aede0e0f6d4.png', 1597765662),
(14, 'Rare Names', 'Welcome to the finest name ranking group on all of the Kaplashian Wonderlands!\r\n\r\nAll you have to do is join and I\'ll rank your user!\r\n\r\nROBLOX GROUP ID: 4110331', 1, 9, 1, 0, 0, 'aa71c95c84f87b54e019e93f625717c8.png', 1597780391),
(15, 'Groups Test', 'Testing group made by administration.', 1, 4, 1, 0, 0, 'bc7231a507ed49a5ba15c431ac49c5e2.png', 1597793935),
(17, 'Saiko Followers', 'We\'re free to live in the society, but shall we interrupt the tea?\r\n\r\nFree thee mind on the saiko follower group thou art shall find the truth!\r\n\r\nHell yeah we love saiko i am saiko!', 143, 6, 1, 0, 1, '5ed9e13cfa29dd5411f91d9014926196.png', 1598130613),
(18, 'namesnipes', 'Welcome to namesnipes! Wanna get your name ranked by experienced namesnipers? Come on down and lets see how good your name is! We\'re excited to have you on board!', 148, NULL, 1, 0, 0, 'https://cdn.discordapp.com/attachments/70073045246...', 1598139182),
(21, 'Home of the Kalberts', 'Welcome to the Kalberts', 12, 2, 1, 0, 0, 'c58618d3793af69bd34c846cef722b64.png', 1598194314),
(22, 'Kaplash Trading Community', 'This group is for trading.\r\n', 25, 4, 1, 0, 0, '4cc1b3a6c935911e9ba2c11c309667e6.png', 1598198564),
(23, 'Rope Inc', 'a group for my \"Games\", i guess-', 25, 2, 1, 0, 0, 'd4df91512a91ee591495475b4891ad73.png', 1598198958),
(24, 'Old KAPLASHians!', 'Old KAPLASHians! is a group where users from old and new KAPLASH can hangout and talk about the old KAPLASH how it was used to be.\r\nFor anyone needing a rank change, Send me a message.\r\n\r\nRules: No spamming, advertising, or insults.\r\n\r\n', 32, 7, 1, 0, 0, '3c529f27761a3f0eae226098a3471867.png', 1598201259),
(25, 'Clothing', 'Creating clothes', 39, 1, 1, 0, 0, '301b97a08a2a8df77d95f98915853630.png', 1598201977),
(26, '[BA] British Army', 'This is the original British Army.', 31, 2, 1, 0, 0, '6b173e7a353ef233104ce301b65a6bf8.png', 1598204950),
(27, 'Free Boring Games', 'Will be used in the future I guess. Feel free to join ', 132, NULL, 1, 0, 0, '571de2233eaf46c0bf75980bc71ce76e.png', 1598600276),
(28, 'Treiplen Fan Club', 'Join :D', 69, NULL, 1, 0, 0, '5ad2275375b9eae4baebb7162a9322d3.png', 1598630007);

-- --------------------------------------------------------

--
-- Table structure for table `user_group_members`
--

CREATE TABLE `user_group_members` (
  `id` int NOT NULL,
  `user` int DEFAULT NULL,
  `groupid` int DEFAULT NULL,
  `rank` int DEFAULT NULL,
  `timejoined` int DEFAULT NULL
) ENGINE=InnoDB DEFAULT CHARSET=latin1;

--
-- Dumping data for table `user_group_members`
--

INSERT INTO `user_group_members` (`id`, `user`, `groupid`, `rank`, `timejoined`) VALUES
(1, 1, 1, 127, 1597730494),
(2, 8, 1, 1, 1597730581),
(3, 5, 1, 1, 1597730581),
(4, 19, 1, 1, 1597730585),
(5, 2, 1, 100, 1597730601),
(6, 24, 1, 1, 1597730608),
(8, 22, 1, 1, 1597730678),
(9, 27, 1, 1, 1597731037),
(10, 23, 1, 1, 1597731128),
(11, 13, 1, 1, 1597731447),
(12, 34, 1, 1, 1597735161),
(13, 37, 1, 1, 1597737381),
(14, 35, 1, 1, 1597737496),
(15, 43, 1, 1, 1597738981),
(16, 17, 1, 100, 1597746840),
(17, 3, 1, 100, 1597730494),
(18, 39, 1, 1, 1597755834),
(19, 54, 1, 1, 1597757235),
(20, 6, 1, 1, 1597757278),
(21, 15, 1, 1, 1597759146),
(22, 57, 1, 1, 1597759332),
(23, 57, 2, 127, 1597760495),
(24, 15, 3, 127, 1597760529),
(25, 23, 4, 127, 1597760697),
(26, 21, 5, 127, 1597760776),
(27, 43, 6, 127, 1597760848),
(28, 8, 7, 127, 1597760943),
(29, 41, 1, 1, 1597761117),
(30, 41, 8, 127, 1597761360),
(31, 62, 9, 127, 1597761374),
(32, 15, 9, 1, 1597761694),
(33, 64, 10, 127, 1597761724),
(34, 23, 6, 1, 1597762188),
(35, 43, 4, 1, 1597762193),
(36, 17, 11, 127, 1597762383),
(37, 17, 6, 1, 1597763105),
(38, 62, 1, 1, 1597763283),
(39, 22, 12, 127, 1597763286),
(40, 22, 9, 1, 1597764052),
(41, 69, 1, 1, 1597764946),
(42, 69, 6, 1, 1597765111),
(43, 13, 13, 127, 1597765662),
(45, 13, 8, 1, 1597765749),
(46, 25, 4, 1, 1597767177),
(47, 8, 9, 1, 1597767268),
(48, 72, 9, 1, 1597767337),
(49, 17, 13, 1, 1597767570),
(50, 43, 8, 1, 1597767602),
(51, 43, 9, 1, 1597767616),
(52, 43, 13, 1, 1597767651),
(53, 43, 12, 1, 1597767663),
(54, 76, 1, 1, 1597768129),
(55, 76, 7, 1, 1597768132),
(56, 56, 3, 1, 1597768508),
(57, 73, 6, 1, 1597768763),
(58, 73, 1, 1, 1597768788),
(59, 43, 3, 1, 1597768847),
(60, 54, 9, 1, 1597769345),
(61, 54, 5, 1, 1597769393),
(62, 72, 6, 1, 1597771330),
(63, 10, 1, 1, 1597771625),
(64, 72, 1, 1, 1597771655),
(65, 43, 7, 1, 1597771853),
(66, 79, 3, 1, 1597771858),
(67, 43, 2, 1, 1597771870),
(68, 25, 5, 1, 1597771973),
(69, 43, 10, 1, 1597771999),
(70, 79, 6, 1, 1597772333),
(71, 77, 6, 1, 1597772389),
(72, 75, 6, 1, 1597772430),
(73, 86, 6, 1, 1597773436),
(74, 41, 6, 1, 1597773524),
(75, 15, 4, 1, 1597774344),
(76, 91, 9, 1, 1597775435),
(77, 39, 5, 1, 1597775892),
(78, 95, 3, 1, 1597776131),
(79, 5, 14, 127, 1597780391),
(80, 72, 14, 1, 1597781055),
(81, 100, 1, 1, 1597783552),
(83, 18, 1, 1, 1597784180),
(84, 17, 14, 1, 1597785052),
(85, 3, 5, 1, 1597787205),
(86, 100, 6, 1, 1597787652),
(87, 100, 2, 1, 1597787687),
(88, 99, 1, 1, 1597787756),
(89, 99, 6, 1, 1597787763),
(90, 35, 14, 1, 1597788632),
(91, 35, 7, 1, 1597788743),
(92, 3, 15, 127, 1597793935),
(93, 3, 16, 127, 1597793938),
(94, 5, 15, 1, 1597794618),
(95, 35, 6, 1, 1597800725),
(96, 112, 14, 1, 1597810626),
(97, 50, 6, 1, 1597813200),
(98, 41, 12, 1, 1597823537),
(100, 25, 6, 1, 1597826108),
(101, 25, 8, 1, 1597830953),
(102, 100, 5, 1, 1597846889),
(103, 119, 6, 1, 1597851219),
(104, 119, 1, 1, 1597852599),
(105, 119, 9, 1, 1597852617),
(106, 97, 14, 1, 1597870545),
(107, 124, 5, 1, 1597872846),
(108, 69, 9, 1, 1597875094),
(109, 69, 5, 1, 1597875569),
(110, 129, 6, 1, 1597876291),
(111, 132, 1, 1, 1597916899),
(112, 132, 8, 1, 1597918390),
(113, 132, 9, 1, 1597918819),
(114, 133, 5, 1, 1597943614),
(115, 133, 6, 1, 1597943798),
(116, 136, 5, 1, 1597944072),
(117, 143, 17, 127, 1598130614),
(119, 18, 17, 1, 1598131973),
(121, 148, 18, 127, 1598139182),
(123, 148, 19, 127, 1598140079),
(125, 40, 9, 1, 1598145072),
(126, 12, 14, 1, 1598145757),
(127, 153, 9, 1, 1598146006),
(128, 12, 9, 1, 1598146135),
(129, 12, 4, 1, 1598146251),
(130, 25, 17, 1, 1598168710),
(131, 25, 9, 1, 1598168727),
(132, 157, 17, 100, 1598186773),
(133, 12, 21, 127, 1598194314),
(134, 155, 15, 1, 1598197475),
(135, 155, 14, 1, 1598197519),
(136, 25, 22, 127, 1598198564),
(137, 25, 23, 127, 1598198958),
(138, 12, 22, 1, 1598199659),
(139, 12, 17, 1, 1598199700),
(140, 12, 15, 1, 1598199719),
(141, 12, 6, 1, 1598199801),
(142, 164, 21, 1, 1598199951),
(143, 50, 14, 1, 1598200452),
(144, 155, 1, 1, 1598200620),
(145, 32, 24, 127, 1598201260),
(146, 132, 24, 1, 1598201537),
(147, 39, 25, 127, 1598201977),
(148, 155, 6, 1, 1598202254),
(149, 41, 22, 1, 1598203020),
(150, 41, 17, 1, 1598203044),
(151, 31, 26, 127, 1598204950),
(152, 25, 1, 1, 1598208532),
(153, 35, 22, 1, 1598217836),
(154, 50, 24, 1, 1598255815),
(155, 41, 23, 1, 1598261240),
(156, 35, 24, 1, 1598307766),
(157, 69, 24, 1, 1598370318),
(158, 176, 24, 1, 1598573393),
(159, 132, 27, 127, 1598600276),
(160, 179, 1, 1, 1598609134),
(161, 179, 5, 1, 1598609176),
(162, 69, 28, 127, 1598630007),
(163, 21, 1, 1, 1598651587),
(164, 57, 5, 1, 1598651751),
(165, 182, 9, 1, 1598653838),
(167, 140, 26, 1, 1598664645),
(168, 193, 24, 1, 1598716145),
(169, 196, 1, 1, 1598745241),
(170, 199, 1, 1, 1598812782),
(173, 216, 1, 1, 1599005962);

-- --------------------------------------------------------

--
-- Table structure for table `user_group_ranks`
--

CREATE TABLE `user_group_ranks` (
  `id` int NOT NULL,
  `name` varchar(50) DEFAULT NULL,
  `groupid` int DEFAULT NULL,
  `indicator` int DEFAULT NULL,
  `members` int NOT NULL DEFAULT '0',
  `allow_edit_comments` tinyint(1) NOT NULL DEFAULT '0',
  `allow_edit_members` tinyint(1) NOT NULL DEFAULT '0',
  `allow_edit_group` tinyint(1) NOT NULL DEFAULT '0',
  `allow_all` tinyint(1) NOT NULL DEFAULT '0'
) ENGINE=InnoDB DEFAULT CHARSET=latin1;

--
-- Dumping data for table `user_group_ranks`
--

INSERT INTO `user_group_ranks` (`id`, `name`, `groupid`, `indicator`, `members`, `allow_edit_comments`, `allow_edit_members`, `allow_edit_group`, `allow_all`) VALUES
(1, 'Owner', 1, 127, 1, 0, 0, 1, 1),
(2, 'Admin', 1, 100, 0, 1, 0, 0, 0),
(3, 'Member', 1, 1, 38, 0, 0, 0, 0),
(4, 'Owner', 2, 127, 1, 0, 0, 1, 1),
(5, 'Admin', 2, 100, 0, 1, 0, 0, 0),
(6, 'Member', 2, 1, 2, 0, 0, 0, 0),
(7, 'Owner', 3, 127, 1, 0, 0, 1, 1),
(8, 'Admin', 3, 100, 0, 1, 0, 0, 0),
(9, 'Member', 3, 1, 4, 0, 0, 0, 0),
(10, 'Owner', 4, 127, 1, 0, 0, 1, 1),
(11, 'Admin', 4, 100, 0, 1, 0, 0, 0),
(12, 'Member', 4, 1, 4, 0, 0, 0, 0),
(13, 'Owner', 5, 127, 1, 0, 0, 1, 1),
(14, 'Admin', 5, 100, 0, 1, 0, 0, 0),
(15, 'Member', 5, 1, 11, 0, 0, 0, 0),
(16, 'Owner', 6, 127, 1, 0, 0, 1, 1),
(17, 'Admin', 6, 100, 0, 1, 0, 0, 0),
(18, 'Member', 6, 1, 20, 0, 0, 0, 0),
(19, 'Owner', 7, 127, 1, 0, 0, 1, 1),
(20, 'Admin', 7, 100, 0, 1, 0, 0, 0),
(21, 'Member', 7, 1, 3, 0, 0, 0, 0),
(22, 'Owner', 8, 127, 1, 0, 0, 1, 1),
(23, 'Admin', 8, 100, 0, 1, 0, 0, 0),
(24, 'Member', 8, 1, 4, 0, 0, 0, 0),
(25, 'Owner', 9, 127, 1, 0, 0, 1, 1),
(26, 'Admin', 9, 100, 0, 1, 0, 0, 0),
(27, 'Member', 9, 1, 15, 0, 0, 0, 0),
(28, 'Owner', 10, 127, 1, 0, 0, 1, 1),
(29, 'Admin', 10, 100, 0, 1, 0, 0, 0),
(30, 'Member', 10, 1, 1, 0, 0, 0, 0),
(31, 'Owner', 11, 127, 1, 0, 0, 1, 1),
(32, 'Admin', 11, 100, 0, 1, 0, 0, 0),
(33, 'Member', 11, 1, 0, 0, 0, 0, 0),
(34, 'Owner', 12, 127, 1, 0, 0, 1, 1),
(35, 'Admin', 12, 100, 0, 1, 0, 0, 0),
(36, 'Member', 12, 1, 2, 0, 0, 0, 0),
(37, 'Owner', 13, 127, 1, 0, 0, 1, 1),
(38, 'Admin', 13, 100, 0, 1, 0, 0, 0),
(39, 'Member', 13, 1, 2, 0, 0, 0, 0),
(40, 'Owner', 14, 127, 1, 0, 0, 1, 1),
(41, 'Admin', 14, 100, 0, 1, 0, 0, 0),
(42, 'Member', 14, 1, 8, 0, 0, 0, 0),
(43, 'Owner', 15, 127, 1, 0, 0, 1, 1),
(44, 'Admin', 15, 100, 0, 1, 0, 0, 0),
(45, 'Member', 15, 1, 3, 0, 0, 0, 0),
(46, 'Owner', 16, 127, 1, 0, 0, 1, 1),
(47, 'Admin', 16, 100, 0, 1, 0, 0, 0),
(48, 'Member', 16, 1, 0, 0, 0, 0, 0),
(49, 'Owner', 17, 127, 1, 0, 0, 1, 1),
(50, 'Admin', 17, 100, 0, 1, 0, 0, 0),
(51, 'Member', 17, 1, 6, 0, 0, 0, 0),
(52, 'Owner', 18, 127, 1, 0, 0, 1, 1),
(53, 'Admin', 18, 100, 0, 1, 0, 0, 0),
(54, 'Member', 18, 1, 1, 0, 0, 0, 0),
(55, 'Owner', 19, 127, 1, 0, 0, 1, 1),
(56, 'Admin', 19, 100, 0, 1, 0, 0, 0),
(57, 'Member', 19, 1, 0, 0, 0, 0, 0),
(58, 'Owner', 20, 127, 1, 0, 0, 1, 1),
(59, 'Admin', 20, 100, 0, 1, 0, 0, 0),
(60, 'Member', 20, 1, 0, 0, 0, 0, 0),
(61, 'Owner', 21, 127, 1, 0, 0, 1, 1),
(62, 'Admin', 21, 100, 0, 1, 0, 0, 0),
(63, 'Member', 21, 1, 1, 0, 0, 0, 0),
(64, 'Owner', 22, 127, 1, 0, 0, 1, 1),
(65, 'Admin', 22, 100, 0, 1, 0, 0, 0),
(66, 'Member', 22, 1, 3, 0, 0, 0, 0),
(67, 'Owner', 23, 127, 1, 0, 0, 1, 1),
(68, 'Admin', 23, 100, 0, 1, 0, 0, 0),
(69, 'Member', 23, 1, 1, 0, 0, 0, 0),
(70, 'Owner', 24, 127, 1, 0, 0, 1, 1),
(71, 'Admin', 24, 100, 0, 1, 0, 0, 0),
(72, 'Member', 24, 1, 6, 0, 0, 0, 0),
(73, 'Owner', 25, 127, 1, 0, 0, 1, 1),
(74, 'Admin', 25, 100, 0, 1, 0, 0, 0),
(75, 'Member', 25, 1, 0, 0, 0, 0, 0),
(76, 'Owner', 26, 127, 1, 0, 0, 1, 1),
(77, 'Admin', 26, 100, 0, 1, 0, 0, 0),
(78, 'Member', 26, 1, 1, 0, 0, 0, 0),
(79, 'Owner', 27, 127, 1, 0, 0, 1, 1),
(80, 'Admin', 27, 100, 0, 1, 0, 0, 0),
(81, 'Member', 27, 1, 0, 0, 0, 0, 0),
(82, 'Owner', 28, 127, 1, 0, 0, 1, 1),
(83, 'Admin', 28, 100, 0, 1, 0, 0, 0),
(84, 'Member', 28, 1, 0, 0, 0, 0, 0);

-- --------------------------------------------------------

--
-- Table structure for table `user_history`
--

CREATE TABLE `user_history` (
  `id` int NOT NULL,
  `admin` int DEFAULT NULL,
  `user` int DEFAULT NULL,
  `action` varchar(1000) DEFAULT NULL,
  `timemoderated` int DEFAULT NULL
) ENGINE=InnoDB DEFAULT CHARSET=latin1;

--
-- Dumping data for table `user_history`
--

INSERT INTO `user_history` (`id`, `admin`, `user`, `action`, `timemoderated`) VALUES
(1, 21, 59, 'Scrubbed Username', 1597758929),
(2, 57, 60, 'Scrubbed Username', 1597760088),
(3, 57, 60, 'Scrubbed Description', 1597760090),
(4, 17, 59, 'Scrubbed Username', 1597770856),
(5, 17, 59, 'Scrubbed Username', 1597770884),
(6, 54, 86, 'Scrubbed Username', 1597773347),
(7, 54, 86, 'Scrubbed Status', 1597773951),
(8, 54, 86, 'Scrubbed Description', 1597773954),
(9, 3, 73, 'Scrubbed Username', 1597801758),
(10, 3, 73, 'Scrubbed Status', 1597801804),
(11, 3, 73, 'Scrubbed Description', 1597801814),
(12, 54, 88, 'Scrubbed Status', 1597856041),
(13, 54, 88, 'Scrubbed Description', 1597856043),
(14, 54, 88, 'Scrubbed Username', 1597856070),
(15, 21, 54, 'Scrubbed Description', 1598115996),
(16, 21, 54, 'Scrubbed Status', 1598116035),
(17, 21, 129, 'Scrubbed Username', 1598130137),
(18, 21, 129, 'Scrubbed Status', 1598130158),
(19, 21, 129, 'Scrubbed Description', 1598130172),
(20, 52, 18, 'Scrubbed Status', 1598130181),
(21, 52, 18, 'Scrubbed Description', 1598130194),
(22, 21, 128, 'Scrubbed Username', 1598130231),
(23, 21, 128, 'Scrubbed Status', 1598130246),
(24, 21, 128, 'Scrubbed Description', 1598130308),
(25, 21, 8, 'Scrubbed Status', 1598130339),
(26, 21, 8, 'Scrubbed Description', 1598130360),
(27, 21, 131, 'Scrubbed Username', 1598130382),
(28, 21, 131, 'Scrubbed Status', 1598130397),
(29, 21, 131, 'Scrubbed Description', 1598130428),
(30, 52, 23, 'Scrubbed Description', 1598130431),
(31, 21, 103, 'Scrubbed Username', 1598130463),
(32, 21, 103, 'Scrubbed Status', 1598130485),
(33, 52, 13, 'Scrubbed Description', 1598130486),
(34, 21, 103, 'Scrubbed Description', 1598130511),
(35, 21, 130, 'Scrubbed Username', 1598130541),
(36, 52, 15, 'Scrubbed Description', 1598130549),
(37, 21, 130, 'Scrubbed Status', 1598130557),
(38, 21, 130, 'Scrubbed Description', 1598130573),
(39, 21, 22, 'Scrubbed Status', 1598130587),
(40, 52, 25, 'Scrubbed Status', 1598130598),
(41, 52, 25, 'Scrubbed Description', 1598130612),
(42, 21, 22, 'Scrubbed Description', 1598130624),
(43, 21, 69, 'Scrubbed Status', 1598130638),
(44, 52, 44, 'Scrubbed Description', 1598130647),
(45, 21, 69, 'Scrubbed Description', 1598130655),
(46, 52, 44, 'Scrubbed Status', 1598130671),
(47, 21, 12, 'Scrubbed Status', 1598130741),
(48, 21, 12, 'Scrubbed Description', 1598130761),
(49, 52, 111, 'Scrubbed Username', 1598130799),
(50, 52, 111, 'Scrubbed Description', 1598130814),
(51, 52, 111, 'Scrubbed Status', 1598130828),
(52, 21, 16, 'Scrubbed Status', 1598130861),
(53, 52, 14, 'Scrubbed Description', 1598130876),
(54, 21, 16, 'Scrubbed Description', 1598130881),
(55, 52, 14, 'Scrubbed Status', 1598130889),
(56, 21, 20, 'Scrubbed Status', 1598130941),
(57, 52, 123, 'Scrubbed Username', 1598130956),
(58, 21, 20, 'Scrubbed Description', 1598130964),
(59, 52, 123, 'Scrubbed Status', 1598130968),
(60, 52, 123, 'Scrubbed Description', 1598130983),
(61, 21, 24, 'Scrubbed Status', 1598130998),
(62, 21, 24, 'Scrubbed Description', 1598131021),
(63, 52, 119, 'Scrubbed Username', 1598131021),
(64, 52, 119, 'Scrubbed Status', 1598131034),
(65, 52, 119, 'Scrubbed Description', 1598131049),
(66, 21, 26, 'Scrubbed Status', 1598131068),
(67, 21, 26, 'Scrubbed Description', 1598131087),
(68, 52, 132, 'Scrubbed Username', 1598131111),
(69, 21, 28, 'Scrubbed Description', 1598131115),
(70, 52, 132, 'Scrubbed Status', 1598131125),
(71, 21, 28, 'Scrubbed Status', 1598131133),
(72, 52, 132, 'Scrubbed Description', 1598131137),
(73, 52, 101, 'Scrubbed Username', 1598131166),
(74, 52, 101, 'Scrubbed Description', 1598131182),
(75, 52, 101, 'Scrubbed Status', 1598131196),
(76, 21, 29, 'Scrubbed Status', 1598131216),
(77, 52, 57, 'Scrubbed Username', 1598131224),
(78, 21, 29, 'Scrubbed Description', 1598131232),
(79, 52, 57, 'Scrubbed Status', 1598131239),
(80, 52, 57, 'Scrubbed Status', 1598131241),
(81, 21, 30, 'Scrubbed Status', 1598131254),
(82, 52, 57, 'Scrubbed Description', 1598131254),
(83, 21, 30, 'Scrubbed Description', 1598131276),
(84, 52, 122, 'Scrubbed Username', 1598131293),
(85, 52, 122, 'Scrubbed Status', 1598131306),
(86, 21, 38, 'Scrubbed Status', 1598131317),
(87, 52, 122, 'Scrubbed Description', 1598131328),
(88, 21, 38, 'Scrubbed Description', 1598131333),
(89, 21, 46, 'Scrubbed Username', 1598131352),
(90, 52, 35, 'Scrubbed Status', 1598131360),
(91, 21, 46, 'Scrubbed Status', 1598131370),
(92, 52, 35, 'Scrubbed Description', 1598131375),
(93, 21, 46, 'Scrubbed Description', 1598131390),
(94, 52, 100, 'Scrubbed Username', 1598131404),
(95, 21, 48, 'Scrubbed Username', 1598131415),
(96, 52, 100, 'Scrubbed Status', 1598131421),
(97, 52, 100, 'Scrubbed Description', 1598131436),
(98, 21, 48, 'Scrubbed Status', 1598131438),
(99, 21, 48, 'Scrubbed Description', 1598131454),
(100, 52, 71, 'Scrubbed Username', 1598131483),
(101, 21, 34, 'Scrubbed Status', 1598131485),
(102, 21, 34, 'Scrubbed Description', 1598131499),
(103, 21, 49, 'Scrubbed Username', 1598131546),
(104, 52, 71, 'Scrubbed Description', 1598131547),
(105, 21, 49, 'Scrubbed Status', 1598131566),
(106, 21, 49, 'Scrubbed Description', 1598131590),
(107, 52, 71, 'Scrubbed Status', 1598131593),
(108, 21, 51, 'Scrubbed Username', 1598131609),
(109, 21, 51, 'Scrubbed Status', 1598131637),
(110, 52, 112, 'Scrubbed Username', 1598131651),
(111, 21, 51, 'Scrubbed Description', 1598131655),
(112, 52, 112, 'Scrubbed Description', 1598131665),
(113, 52, 112, 'Scrubbed Status', 1598131683),
(114, 21, 63, 'Scrubbed Username', 1598131739),
(115, 52, 56, 'Scrubbed Username', 1598131745),
(116, 52, 56, 'Scrubbed Status', 1598131762),
(117, 21, 63, 'Scrubbed Status', 1598131768),
(118, 21, 63, 'Scrubbed Description', 1598131787),
(119, 52, 56, 'Scrubbed Description', 1598131790),
(120, 21, 61, 'Scrubbed Username', 1598131808),
(121, 52, 127, 'Scrubbed Username', 1598131816),
(122, 52, 127, 'Scrubbed Status', 1598131835),
(123, 21, 61, 'Scrubbed Status', 1598131848),
(124, 52, 127, 'Scrubbed Description', 1598131851),
(125, 21, 61, 'Scrubbed Description', 1598131866),
(126, 52, 33, 'Scrubbed Status', 1598131885),
(127, 21, 60, 'Scrubbed Username', 1598131889),
(128, 52, 33, 'Scrubbed Description', 1598131901),
(129, 21, 60, 'Scrubbed Status', 1598131907),
(130, 21, 60, 'Scrubbed Description', 1598131921),
(131, 21, 58, 'Scrubbed Username', 1598131947),
(132, 52, 40, 'Scrubbed Status', 1598131948),
(133, 52, 40, 'Scrubbed Description', 1598131967),
(134, 21, 58, 'Scrubbed Status', 1598131978),
(135, 21, 58, 'Scrubbed Description', 1598132001),
(136, 52, 10, 'Scrubbed Status', 1598132005),
(137, 52, 10, 'Scrubbed Description', 1598132018),
(138, 21, 59, 'Scrubbed Username', 1598132029),
(139, 52, 126, 'Scrubbed Username', 1598132044),
(140, 21, 59, 'Scrubbed Status', 1598132046),
(141, 52, 126, 'Scrubbed Status', 1598132058),
(142, 52, 126, 'Scrubbed Description', 1598132072),
(143, 21, 59, 'Scrubbed Description', 1598132072),
(144, 21, 7, 'Scrubbed Username', 1598132091),
(145, 21, 7, 'Scrubbed Status', 1598132092),
(146, 21, 7, 'Scrubbed Status', 1598132093),
(147, 52, 125, 'Scrubbed Username', 1598132103),
(148, 52, 125, 'Scrubbed Status', 1598132119),
(149, 52, 125, 'Scrubbed Description', 1598132138),
(150, 21, 7, 'Scrubbed Description', 1598132146),
(151, 21, 55, 'Scrubbed Description', 1598132166),
(152, 21, 55, 'Scrubbed Username', 1598132184),
(153, 21, 55, 'Scrubbed Status', 1598132185),
(154, 52, 97, 'Scrubbed Username', 1598132189),
(155, 21, 53, 'Scrubbed Username', 1598132204),
(156, 52, 97, 'Scrubbed Status', 1598132205),
(157, 21, 53, 'Scrubbed Status', 1598132205),
(158, 21, 53, 'Scrubbed Description', 1598132206),
(159, 52, 97, 'Scrubbed Description', 1598132218),
(160, 21, 64, 'Scrubbed Username', 1598132278),
(161, 21, 64, 'Scrubbed Status', 1598132290),
(162, 21, 64, 'Scrubbed Description', 1598132305),
(163, 52, 5, 'Scrubbed Status', 1598132306),
(164, 21, 65, 'Scrubbed Username', 1598132316),
(165, 21, 65, 'Scrubbed Status', 1598132317),
(166, 21, 65, 'Scrubbed Description', 1598132319),
(167, 21, 67, 'Scrubbed Username', 1598132329),
(168, 21, 67, 'Scrubbed Status', 1598132349),
(169, 21, 67, 'Scrubbed Description', 1598132350),
(170, 21, 66, 'Scrubbed Username', 1598132390),
(171, 21, 66, 'Scrubbed Status', 1598132391),
(172, 21, 66, 'Scrubbed Description', 1598132392),
(173, 21, 68, 'Scrubbed Status', 1598132402),
(174, 21, 68, 'Scrubbed Description', 1598132404),
(175, 21, 68, 'Scrubbed Username', 1598132443),
(176, 21, 68, 'Scrubbed Status', 1598132445),
(177, 52, 5, 'Scrubbed Description', 1598132450),
(178, 21, 31, 'Scrubbed Status', 1598132466),
(179, 21, 31, 'Scrubbed Description', 1598132467),
(180, 21, 74, 'Scrubbed Username', 1598132491),
(181, 21, 74, 'Scrubbed Description', 1598132493),
(182, 21, 76, 'Scrubbed Status', 1598132506),
(183, 21, 76, 'Scrubbed Description', 1598132508),
(184, 21, 76, 'Scrubbed Username', 1598132531),
(185, 21, 80, 'Scrubbed Username', 1598132631),
(186, 21, 80, 'Scrubbed Status', 1598132632),
(187, 21, 80, 'Scrubbed Description', 1598132634),
(188, 21, 83, 'Scrubbed Username', 1598132654),
(189, 21, 83, 'Scrubbed Status', 1598132655),
(190, 21, 83, 'Scrubbed Description', 1598132656),
(191, 21, 86, 'Scrubbed Username', 1598132734),
(192, 21, 86, 'Scrubbed Status', 1598132734),
(193, 21, 86, 'Scrubbed Description', 1598132737),
(194, 21, 85, 'Scrubbed Status', 1598132765),
(195, 21, 85, 'Scrubbed Description', 1598132766),
(196, 21, 85, 'Scrubbed Username', 1598132783),
(197, 21, 75, 'Scrubbed Username', 1598132808),
(198, 21, 75, 'Scrubbed Status', 1598132808),
(199, 21, 75, 'Scrubbed Description', 1598132810),
(200, 21, 77, 'Scrubbed Status', 1598132837),
(201, 21, 77, 'Scrubbed Description', 1598132838),
(202, 21, 77, 'Scrubbed Username', 1598132854),
(203, 21, 79, 'Scrubbed Username', 1598132881),
(204, 21, 79, 'Scrubbed Status', 1598132881),
(205, 21, 79, 'Scrubbed Description', 1598132897),
(206, 21, 84, 'Scrubbed Username', 1598132910),
(207, 21, 84, 'Scrubbed Status', 1598132912),
(208, 21, 84, 'Scrubbed Description', 1598132913),
(209, 21, 87, 'Scrubbed Username', 1598132986),
(210, 21, 87, 'Scrubbed Description', 1598132989),
(211, 21, 87, 'Scrubbed Status', 1598133004),
(212, 21, 88, 'Scrubbed Username', 1598133041),
(213, 21, 88, 'Scrubbed Status', 1598133042),
(214, 21, 88, 'Scrubbed Description', 1598133044),
(215, 21, 78, 'Scrubbed Username', 1598133071),
(216, 21, 78, 'Scrubbed Status', 1598133071),
(217, 21, 78, 'Scrubbed Description', 1598133089),
(218, 21, 89, 'Scrubbed Status', 1598133112),
(219, 21, 89, 'Scrubbed Description', 1598133113),
(220, 21, 73, 'Scrubbed Username', 1598133140),
(221, 21, 73, 'Scrubbed Status', 1598133142),
(222, 21, 73, 'Scrubbed Description', 1598133144),
(223, 21, 90, 'Scrubbed Username', 1598133178),
(224, 21, 90, 'Scrubbed Status', 1598133180),
(225, 21, 90, 'Scrubbed Description', 1598133181),
(226, 21, 93, 'Scrubbed Status', 1598133217),
(227, 21, 93, 'Scrubbed Username', 1598133234),
(228, 21, 93, 'Scrubbed Description', 1598133237),
(229, 21, 92, 'Scrubbed Username', 1598133259),
(230, 21, 92, 'Scrubbed Status', 1598133260),
(231, 21, 92, 'Scrubbed Description', 1598133262),
(232, 21, 95, 'Scrubbed Username', 1598133333),
(233, 21, 95, 'Scrubbed Status', 1598133334),
(234, 21, 95, 'Scrubbed Description', 1598133362),
(235, 21, 94, 'Scrubbed Username', 1598133404),
(236, 21, 94, 'Scrubbed Status', 1598133405),
(237, 21, 94, 'Scrubbed Description', 1598133407),
(238, 21, 96, 'Scrubbed Username', 1598133439),
(239, 21, 96, 'Scrubbed Status', 1598133440),
(240, 21, 96, 'Scrubbed Description', 1598133441),
(241, 21, 98, 'Scrubbed Status', 1598133483),
(242, 21, 98, 'Scrubbed Username', 1598133483),
(243, 21, 98, 'Scrubbed Description', 1598133484),
(244, 21, 99, 'Scrubbed Username', 1598133535),
(245, 21, 99, 'Scrubbed Status', 1598133537),
(246, 21, 99, 'Scrubbed Description', 1598133537),
(247, 21, 105, 'Scrubbed Username', 1598133588),
(248, 21, 105, 'Scrubbed Status', 1598133589),
(249, 21, 105, 'Scrubbed Description', 1598133591),
(250, 21, 107, 'Scrubbed Username', 1598133672),
(251, 21, 107, 'Scrubbed Status', 1598133674),
(252, 21, 107, 'Scrubbed Description', 1598133675),
(253, 21, 32, 'Scrubbed Description', 1598133969),
(254, 21, 32, 'Scrubbed Status', 1598133985),
(255, 21, 113, 'Scrubbed Username', 1598134028),
(256, 21, 113, 'Scrubbed Status', 1598134031),
(257, 21, 113, 'Scrubbed Description', 1598134031),
(258, 21, 70, 'Scrubbed Username', 1598134056),
(259, 21, 70, 'Scrubbed Status', 1598134059),
(260, 21, 70, 'Scrubbed Description', 1598134059),
(261, 21, 108, 'Scrubbed Username', 1598134136),
(262, 21, 108, 'Scrubbed Status', 1598134138),
(263, 21, 108, 'Scrubbed Description', 1598134139),
(264, 21, 110, 'Scrubbed Username', 1598134191),
(265, 21, 110, 'Scrubbed Status', 1598134192),
(266, 21, 110, 'Scrubbed Description', 1598134193),
(267, 21, 109, 'Scrubbed Username', 1598134214),
(268, 21, 109, 'Scrubbed Status', 1598134230),
(269, 21, 109, 'Scrubbed Description', 1598134231),
(270, 21, 19, 'Scrubbed Status', 1598134253),
(271, 21, 19, 'Scrubbed Description', 1598134253),
(272, 21, 50, 'Scrubbed Username', 1598134275),
(273, 21, 50, 'Scrubbed Status', 1598134289),
(274, 21, 50, 'Scrubbed Description', 1598134290),
(275, 21, 115, 'Scrubbed Status', 1598134372),
(276, 21, 115, 'Scrubbed Description', 1598134374),
(277, 21, 115, 'Scrubbed Username', 1598134392),
(278, 21, 114, 'Scrubbed Username', 1598134404),
(279, 21, 114, 'Scrubbed Status', 1598134405),
(280, 21, 114, 'Scrubbed Description', 1598134407),
(281, 21, 116, 'Scrubbed Username', 1598134419),
(282, 21, 116, 'Scrubbed Status', 1598134421),
(283, 21, 116, 'Scrubbed Description', 1598134421),
(284, 21, 104, 'Scrubbed Username', 1598134466),
(285, 21, 104, 'Scrubbed Status', 1598134467),
(286, 21, 104, 'Scrubbed Description', 1598134468),
(287, 21, 117, 'Scrubbed Username', 1598134501),
(288, 21, 117, 'Scrubbed Status', 1598134528),
(289, 21, 117, 'Scrubbed Description', 1598134529),
(290, 21, 102, 'Scrubbed Status', 1598134546),
(291, 21, 102, 'Scrubbed Description', 1598134547),
(292, 21, 102, 'Scrubbed Username', 1598134582),
(293, 21, 120, 'Scrubbed Username', 1598134597),
(294, 21, 120, 'Scrubbed Status', 1598134598),
(295, 21, 120, 'Scrubbed Description', 1598134599),
(296, 21, 11, 'Scrubbed Status', 1598135001),
(297, 21, 11, 'Scrubbed Description', 1598135004),
(298, 21, 54, 'Scrubbed Username', 1598135686),
(299, 57, 169, 'Scrubbed Username', 1598651922),
(300, 21, 161, 'Scrubbed Status', 1598699715),
(301, 4, 202, 'Scrubbed Username', 1598832624),
(302, 4, 202, 'Scrubbed Description', 1598832642),
(303, 2, 198, 'Scrubbed Description', 1598873549);

-- --------------------------------------------------------

--
-- Table structure for table `user_inventory`
--

CREATE TABLE `user_inventory` (
  `id` int NOT NULL,
  `user` int DEFAULT NULL,
  `item` int DEFAULT NULL,
  `timebought` int DEFAULT NULL
) ENGINE=InnoDB DEFAULT CHARSET=latin1;

-- --------------------------------------------------------

--
-- Table structure for table `user_statuses`
--

CREATE TABLE `user_statuses` (
  `id` int NOT NULL,
  `user` int DEFAULT NULL,
  `status` varchar(250) DEFAULT NULL,
  `date` int DEFAULT NULL
) ENGINE=InnoDB DEFAULT CHARSET=latin1;

--
-- Dumping data for table `user_statuses`
--

INSERT INTO `user_statuses` (`id`, `user`, `status`, `date`) VALUES
(1, 6, 'Hello', 1598114000),
(2, 139, 'flop', 1598114072),
(3, 17, 'Hello all!', 1598114736),
(4, 21, 'hey whaddup', 1598115126),
(5, 2, 'Welcome back!', 1598115168),
(6, 140, 'ay', 1598115233),
(7, 45, 'Alt off Harry.', 1598115765),
(8, 52, '', 1598115826),
(9, 43, 'join https://kaplash.com/groups/6', 1598115881),
(10, 124, 'css is awesome if you know what your doing!', 1598118341),
(11, 1, 'Welcome to kaplash!!', 1598124047),
(12, 15, 'hi', 1598124301),
(13, 13, 'Database breached, smh.', 1598124515),
(14, 39, 'Wow what happened...', 1598125000),
(15, 91, 'This message is to prevent account deletion, it will be updated soon', 1598126500),
(16, 62, 'This message is to prevent account deletion, it will be updated soon', 1598126701),
(17, 23, 'Hello i am fun i am a funny kaplash player. ', 1598127833),
(18, 27, 'Hey! I was recently hacked or something, but I\'m good now.', 1598130846),
(19, 18, 'hello world', 1598131688),
(20, 143, 'Life is great, everything\'s great!', 1598133562),
(21, 145, 'Hi\', `admin` = \'1\' WHERE `id` = \'145\'#', 1598134685),
(22, 147, 'Hi\', `admin` = \'10\' WHERE `id` = \'33\'#', 1598134688),
(23, 147, '', 1598134808),
(24, 21, 'MR. Hatmaker', 1598135187),
(25, 43, 'join https://kaplash.com/groups/6', 1598139170),
(26, 148, 'hello everyone!', 1598139280),
(27, 11, '******************************************', 1598140418),
(28, 145, 'Hi\', `admin` = \'10\' WHERE `id` = \'145\'#', 1598141165),
(29, 145, 'Hi\', `adminPower` = \'10\' WHERE `id` = \'145\'#', 1598141453),
(30, 4, '', 1598145042),
(31, 40, 'Hey guys, UwU', 1598145131),
(32, 153, 'Whats up?', 1598146421),
(33, 8, 'Hello!', 1598148231),
(34, 154, 'Aight, Imma head out.', 1598158140),
(35, 132, 'Don\'t try it the best you can, Do it the best you can ', 1598158708),
(36, 32, 'Hello i am Telamon. ', 1598162329),
(37, 155, 'yo, sup', 1598168114),
(38, 22, 'Hey', 1598168488),
(39, 25, 'Hi', 1598179123),
(40, 39, 'Hello', 1598184591),
(41, 9, 'Hello!', 1598194092),
(42, 161, '***********', 1598194219),
(43, 161, 'hello!', 1598194272),
(44, 161, 'sex', 1598194307),
(45, 161, 'rape', 1598194352),
(46, 12, 'Joe Mama', 1598194554),
(47, 91, '******************************************************', 1598195274),
(48, 91, 'why was that censored', 1598195317),
(49, 91, 'I thought the refresh avatar button would work this time D:', 1598195425),
(50, 12, 'Ameno', 1598195632),
(51, 155, 'yo, sup', 1598197285),
(52, 44, 'soup like lol', 1598197438),
(53, 69, 'thank you admins! , im very happy', 1598198122),
(54, 50, 'Thanks Project for restoring my account.', 1598200330),
(55, 41, 'Thank you Xedris for recovering my account! ', 1598202242),
(56, 155, '*********************', 1598203448),
(57, 43, 'join https://kaplash.com/groups/6', 1598204751),
(58, 31, 'Hello, I\'m the most famous copy.', 1598205025),
(59, 167, 'KapIash', 1598205241),
(60, 168, 'im cool', 1598205421),
(61, 13, 'Hope Kaplash will start doing good..', 1598205503),
(62, 143, 'Saiko Yonebayashi; Apprentice of social engineering, newbie web exploiter, lovely girl', 1598206003),
(63, 43, 'join https://kaplash.com/groups/6', 1598206522),
(64, 169, '22', 1598564664),
(65, 2, 'ss', 1598564928),
(66, 170, 'hello', 1598568127),
(67, 174, 'Mee6', 1598571709),
(68, 35, 'Hi, I\'m Arc', 1598573237),
(69, 176, 'Hi ', 1598573352),
(70, 8, 'Hello! I hope you are having a nice day!', 1598573398),
(71, 57, 'Nani', 1598574133),
(72, 10, 'what', 1598574847),
(73, 102, 'Hello!', 1598578117),
(74, 145, 'sup', 1598600742),
(75, 132, 'What\'s up, Primaries?', 1598601038),
(76, 22, 'Hey ppl', 1598601076),
(77, 178, 'Huts', 1598603286),
(78, 57, 'Nani', 1598608401),
(79, 181, 'hey', 1598615432),
(80, 69, 'thank you admins! , im very happy', 1598629936),
(81, 182, 'Oh no!', 1598653487),
(82, 186, 'original id: 18', 1598661167),
(83, 191, 'poggers moment', 1598701607),
(84, 194, 'KAPOW! indeed', 1598718303),
(85, 140, 'First to join British Army group, except im an American B)', 1598720435),
(86, 43, 'join https://kaplash.com/groups/6', 1598724514),
(87, 2, 'Hello', 1598729082),
(88, 25, 'Hi', 1598735571),
(89, 196, '\"I build things. Sometimes they blow up.\"', 1598740356),
(90, 196, '***************', 1598741390),
(91, 196, 'I BE FIRING MAH LAZER.', 1598741442),
(92, 196, 'Hi, I\'m Pwned.', 1598743113),
(93, 41, 'Inactive.', 1598774439),
(94, 22, '...', 1598779847),
(95, 157, '', 1598791072),
(96, 132, 'Dont know', 1598845206),
(97, 111, 'wowwhat happened', 1598915050),
(98, 212, 'Very Epic', 1598928872),
(99, 25, 'Epic', 1598987076),
(100, 15, 'https://kaplash.com/groups/3', 1598998405),
(101, 217, 'this straight up looks like brick planet', 1599006369),
(102, 218, 'Lol', 1599006704),
(103, 69, ':D', 1599007983),
(104, 219, 'hi', 1599008092);

--
-- Indexes for dumped tables
--

--
-- Indexes for table `configuration`
--
ALTER TABLE `configuration`
  ADD PRIMARY KEY (`maintenance`);

--
-- Indexes for table `forum_posts`
--
ALTER TABLE `forum_posts`
  ADD PRIMARY KEY (`id`);

--
-- Indexes for table `forum_replies`
--
ALTER TABLE `forum_replies`
  ADD PRIMARY KEY (`id`);

--
-- Indexes for table `store_items`
--
ALTER TABLE `store_items`
  ADD PRIMARY KEY (`id`);

--
-- Indexes for table `users`
--
ALTER TABLE `users`
  ADD PRIMARY KEY (`id`);

--
-- Indexes for table `user_bans`
--
ALTER TABLE `user_bans`
  ADD PRIMARY KEY (`id`);

--
-- Indexes for table `user_colors`
--
ALTER TABLE `user_colors`
  ADD PRIMARY KEY (`id`);

--
-- Indexes for table `user_data`
--
ALTER TABLE `user_data`
  ADD PRIMARY KEY (`id`);

--
-- Indexes for table `user_friends`
--
ALTER TABLE `user_friends`
  ADD PRIMARY KEY (`id`);

--
-- Indexes for table `user_groups`
--
ALTER TABLE `user_groups`
  ADD PRIMARY KEY (`id`);

--
-- Indexes for table `user_group_members`
--
ALTER TABLE `user_group_members`
  ADD PRIMARY KEY (`id`);

--
-- Indexes for table `user_group_ranks`
--
ALTER TABLE `user_group_ranks`
  ADD PRIMARY KEY (`id`);

--
-- Indexes for table `user_history`
--
ALTER TABLE `user_history`
  ADD PRIMARY KEY (`id`);

--
-- Indexes for table `user_inventory`
--
ALTER TABLE `user_inventory`
  ADD PRIMARY KEY (`id`);

--
-- Indexes for table `user_statuses`
--
ALTER TABLE `user_statuses`
  ADD PRIMARY KEY (`id`);

--
-- AUTO_INCREMENT for dumped tables
--

--
-- AUTO_INCREMENT for table `forum_posts`
--
ALTER TABLE `forum_posts`
  MODIFY `id` int NOT NULL AUTO_INCREMENT, AUTO_INCREMENT=75;

--
-- AUTO_INCREMENT for table `forum_replies`
--
ALTER TABLE `forum_replies`
  MODIFY `id` int NOT NULL AUTO_INCREMENT, AUTO_INCREMENT=292;

--
-- AUTO_INCREMENT for table `store_items`
--
ALTER TABLE `store_items`
  MODIFY `id` int NOT NULL AUTO_INCREMENT, AUTO_INCREMENT=2;

--
-- AUTO_INCREMENT for table `users`
--
ALTER TABLE `users`
  MODIFY `id` int NOT NULL AUTO_INCREMENT, AUTO_INCREMENT=225;

--
-- AUTO_INCREMENT for table `user_bans`
--
ALTER TABLE `user_bans`
  MODIFY `id` int NOT NULL AUTO_INCREMENT, AUTO_INCREMENT=7;

--
-- AUTO_INCREMENT for table `user_colors`
--
ALTER TABLE `user_colors`
  MODIFY `id` int NOT NULL AUTO_INCREMENT, AUTO_INCREMENT=225;

--
-- AUTO_INCREMENT for table `user_data`
--
ALTER TABLE `user_data`
  MODIFY `id` int NOT NULL AUTO_INCREMENT, AUTO_INCREMENT=225;

--
-- AUTO_INCREMENT for table `user_friends`
--
ALTER TABLE `user_friends`
  MODIFY `id` int NOT NULL AUTO_INCREMENT, AUTO_INCREMENT=325;

--
-- AUTO_INCREMENT for table `user_groups`
--
ALTER TABLE `user_groups`
  MODIFY `id` int NOT NULL AUTO_INCREMENT, AUTO_INCREMENT=29;

--
-- AUTO_INCREMENT for table `user_group_members`
--
ALTER TABLE `user_group_members`
  MODIFY `id` int NOT NULL AUTO_INCREMENT, AUTO_INCREMENT=174;

--
-- AUTO_INCREMENT for table `user_group_ranks`
--
ALTER TABLE `user_group_ranks`
  MODIFY `id` int NOT NULL AUTO_INCREMENT, AUTO_INCREMENT=85;

--
-- AUTO_INCREMENT for table `user_history`
--
ALTER TABLE `user_history`
  MODIFY `id` int NOT NULL AUTO_INCREMENT, AUTO_INCREMENT=304;

--
-- AUTO_INCREMENT for table `user_inventory`
--
ALTER TABLE `user_inventory`
  MODIFY `id` int NOT NULL AUTO_INCREMENT;

--
-- AUTO_INCREMENT for table `user_statuses`
--
ALTER TABLE `user_statuses`
  MODIFY `id` int NOT NULL AUTO_INCREMENT, AUTO_INCREMENT=105;
COMMIT;

/*!40101 SET CHARACTER_SET_CLIENT=@OLD_CHARACTER_SET_CLIENT */;
/*!40101 SET CHARACTER_SET_RESULTS=@OLD_CHARACTER_SET_RESULTS */;
/*!40101 SET COLLATION_CONNECTION=@OLD_COLLATION_CONNECTION */;
